Date,Open,High,Low,Close,Adj Close,Volume
"Dec 30, 2024",31.8,32.88,31.61,32.01,32.01,"9,593,100"
"Dec 27, 2024",32.39,33.05,30.73,32.2,32.2,"10,141,700"
"Dec 26, 2024",32.62,34.37,31.6,32.99,32.99,"20,432,900"
"Dec 24, 2024",31,31.59,30.58,31.14,31.14,"5,523,500"
"Dec 23, 2024",29.82,31.11,29.78,30.9,30.9,"8,226,500"
"Dec 20, 2024",28.54,30.52,28.31,29.82,29.82,"19,606,700"
"Dec 19, 2024",29.16,30.6,28.82,29,29,"10,338,200"
"Dec 18, 2024",31.1,31.7,28.34,28.55,28.55,"13,947,300"
"Dec 17, 2024",29.64,31.88,29.64,31.26,31.26,"19,948,100"
"Dec 16, 2024",27.7,29.59,27.27,29.44,29.44,"8,700,000"
"Dec 13, 2024",28.7,28.86,27.92,27.99,27.99,"6,581,600"
"Dec 12, 2024",28.9,29.66,28.58,28.75,28.75,"8,855,700"
"Dec 11, 2024",27.75,30.16,27.51,28.97,28.97,"20,485,000"
"Dec 10, 2024",27.88,28.39,26.85,26.93,26.93,"18,209,400"
"Dec 9, 2024",29,29.86,27.74,27.93,27.93,"11,495,400"
"Dec 6, 2024",29.12,29.35,28.11,29.06,29.06,"15,161,400"
"Dec 5, 2024",27,30.87,26.15,28.63,28.63,"40,704,900"
"Dec 4, 2024",27.07,27.83,26.63,27.03,27.03,"6,387,500"
"Dec 3, 2024",26.55,27.59,26.49,27.44,27.44,"6,009,900"
"Dec 2, 2024",28.96,29.37,26.75,27.27,27.27,"13,576,600"
"Nov 29, 2024",31.01,31.08,28.85,29.05,29.05,"10,473,700"
"Nov 27, 2024",30.8,31.55,30.51,30.89,30.89,"12,895,100"
"Nov 26, 2024",29.4,32.12,28.78,30.33,30.33,"24,657,300"
"Nov 25, 2024",28.05,29.77,27.96,29.67,29.67,"13,090,400"
"Nov 22, 2024",27.88,28.46,27.42,27.9,27.9,"7,975,700"
"Nov 21, 2024",29.09,29.17,27.18,27.82,27.82,"10,587,200"
"Nov 20, 2024",27.26,29.8,27.26,28.45,28.45,"22,089,700"
"Nov 19, 2024",25.89,27.6,25.71,27.57,27.57,"8,698,600"
"Nov 18, 2024",26.65,27.16,25.85,26.44,26.44,"8,494,900"
"Nov 15, 2024",28.08,28.59,26.32,26.59,26.59,"16,451,800"
"Nov 14, 2024",27.17,28.28,26.72,27.37,27.37,"16,502,000"
"Nov 13, 2024",26.26,28.22,26.22,26.46,26.46,"18,490,300"
"Nov 12, 2024",26.06,27.1,24.95,26.84,26.84,"18,972,700"
"Nov 11, 2024",25.26,28.05,24.63,27.26,27.26,"26,633,000"
"Nov 8, 2024",23.44,25.39,23.24,24.88,24.88,"15,908,600"
"Nov 7, 2024",23.07,23.66,22.81,23.45,23.45,"5,554,400"
"Nov 6, 2024",23.31,23.82,22.9,23.1,23.1,"6,648,000"
"Nov 5, 2024",22.32,23.2,22.27,22.99,22.99,"5,858,400"
"Nov 4, 2024",22.2,22.65,21.88,22.33,22.33,"4,300,200"
"Nov 1, 2024",22.4,23.05,22.08,22.41,22.41,"4,744,500"
"Oct 31, 2024",22.83,23.03,22.05,22.18,22.18,"5,594,500"
"Oct 30, 2024",23.4,24.54,22.75,23.28,23.28,"12,383,600"
"Oct 29, 2024",22.7,23.2,22.09,22.68,22.68,"10,078,100"
"Oct 28, 2024",20.84,22.77,20.73,22.73,22.73,"13,641,200"
"Oct 25, 2024",20.65,21.43,20.54,20.57,20.57,"5,989,000"
"Oct 24, 2024",20.63,20.84,20.48,20.63,20.63,"2,682,300"
"Oct 23, 2024",20.73,20.98,20.35,20.54,20.54,"2,945,000"
"Oct 22, 2024",20.62,20.94,20.43,20.93,20.93,"3,232,300"
"Oct 21, 2024",21.1,21.22,20.66,20.7,20.7,"3,956,500"
"Oct 18, 2024",21.41,21.61,20.98,21.22,21.22,"5,302,200"
"Oct 17, 2024",21.5,21.66,21.23,21.41,21.41,"3,015,300"
"Oct 16, 2024",21.13,21.75,21.03,21.66,21.66,"4,264,600"
"Oct 15, 2024",21.45,21.68,20.98,21.27,21.27,"4,851,900"
"Oct 14, 2024",20.75,21.67,20.46,21.33,21.33,"6,636,600"
"Oct 11, 2024",20.66,21.22,20.66,20.83,20.83,"3,931,600"
"Oct 10, 2024",20.47,21.05,20.38,20.91,20.91,"4,180,800"
"Oct 9, 2024",20.5,20.74,20.3,20.5,20.5,"3,914,000"
"Oct 8, 2024",20.9,21.27,20.53,20.71,20.71,"4,840,500"
"Oct 7, 2024",21.35,21.53,20.81,20.9,20.9,"5,988,000"
"Oct 4, 2024",21.48,21.97,21.29,21.4,21.4,"5,286,200"
"Oct 3, 2024",21.36,21.79,21.11,21.2,21.2,"4,665,800"
"Oct 2, 2024",21.86,22.3,21.41,21.49,21.49,"5,673,100"
"Oct 1, 2024",22.95,23.12,21.81,21.97,21.97,"7,189,200"
"Sep 30, 2024",22.3,23.64,22.17,22.93,22.93,"10,161,700"
"Sep 27, 2024",22.39,23.1,21.97,22.48,22.48,"7,416,500"
"Sep 26, 2024",22.4,22.64,21.87,22.29,22.29,"5,777,500"
"Sep 25, 2024",22.16,22.83,22.07,22.18,22.18,"6,139,700"
"Sep 24, 2024",22.61,22.72,21.54,22.63,22.63,"12,121,400"
"Sep 23, 2024",21.54,22.56,21.23,22.31,22.31,"13,969,500"
"Sep 20, 2024",19.63,22.03,19.48,21.85,21.85,"61,919,200"
"Sep 19, 2024",19.89,20.03,19.47,19.51,19.51,"8,902,600"
"Sep 18, 2024",20.05,20.26,19.42,19.65,19.65,"10,728,200"
"Sep 17, 2024",20.24,20.56,19.92,20.16,20.16,"6,307,600"
"Sep 16, 2024",20.45,20.52,19.92,20.09,20.09,"5,981,200"
"Sep 13, 2024",20.49,20.92,20.34,20.65,20.65,"8,053,700"
"Sep 12, 2024",20.47,20.71,19.99,20.4,20.4,"9,539,500"
"Sep 11, 2024",20.82,21.09,19.31,20.64,20.64,"28,921,500"
"Sep 10, 2024",24.77,24.8,23.13,23.45,23.45,"19,175,500"
"Sep 9, 2024",23.24,25.02,23.16,24.25,24.25,"14,064,700"
"Sep 6, 2024",22.4,24.48,21.8,23.92,23.92,"23,884,000"
"Sep 5, 2024",22,22.68,21.66,22.39,22.39,"5,101,200"
"Sep 4, 2024",22.85,23.71,22.11,22.12,22.12,"6,700,900"
"Sep 3, 2024",24.15,24.69,22.82,23.14,23.14,"11,350,500"
"Aug 30, 2024",21.82,23.48,21.73,23.42,23.42,"15,680,700"
"Aug 29, 2024",20.5,22.45,20.47,21.51,21.51,"10,428,400"
"Aug 28, 2024",20.71,21.07,19.88,19.9,19.9,"5,219,500"
"Aug 27, 2024",21.06,21.29,20.66,20.74,20.74,"4,118,800"
"Aug 26, 2024",22.25,22.39,21.3,21.36,21.36,"4,780,500"
"Aug 23, 2024",22.25,22.62,22.18,22.21,22.21,"4,056,700"
"Aug 22, 2024",22.5,22.76,22.09,22.12,22.12,"3,382,500"
"Aug 21, 2024",22.17,22.65,22.16,22.55,22.55,"3,163,200"
"Aug 20, 2024",22.5,22.52,21.96,22.28,22.28,"3,570,300"
"Aug 19, 2024",22.35,23.1,22.32,22.66,22.66,"4,543,500"
"Aug 16, 2024",22.37,22.69,22.24,22.4,22.4,"3,641,800"
"Aug 15, 2024",22.25,22.84,21.97,22.53,22.53,"5,361,400"
"Aug 14, 2024",22.34,22.73,21.79,21.99,21.99,"3,489,400"
"Aug 13, 2024",21.96,22.38,21.86,22.27,22.27,"3,913,700"
"Aug 12, 2024",21.98,22.27,21.45,21.88,21.88,"4,449,100"
"Aug 9, 2024",21.51,22.17,21.46,21.93,21.93,"4,828,900"
"Aug 8, 2024",21.01,21.88,20.81,21.75,21.75,"5,439,700"
"Aug 7, 2024",21.15,21.46,20.38,20.83,20.83,"6,101,100"
"Aug 6, 2024",21.02,21.58,20.26,21.28,21.28,"6,505,300"
"Aug 5, 2024",18.83,20.8,18.73,20.65,20.65,"12,205,900"
"Aug 2, 2024",20.95,21.61,20.43,21.07,21.07,"9,030,000"
"Aug 1, 2024",22.92,23.09,21.56,21.71,21.71,"9,334,400"
"Jul 31, 2024",22.86,23.45,22.61,22.67,22.67,"8,005,800"
"Jul 30, 2024",23.6,23.89,22.34,22.4,22.4,"9,272,400"
"Jul 29, 2024",24.23,24.38,23.54,23.6,23.6,"7,250,200"
"Jul 26, 2024",24.28,24.77,24.11,24.13,24.13,"6,833,900"
"Jul 25, 2024",23.59,24.59,23.36,23.95,23.95,"8,567,700"
"Jul 24, 2024",25.15,25.45,23.93,24.01,24.01,"9,549,200"
"Jul 23, 2024",25.22,25.68,24.89,25.5,25.5,"7,921,700"
"Jul 22, 2024",24.84,25.98,24.38,25.22,25.22,"14,090,400"
"Jul 19, 2024",25.55,26.39,24.85,24.97,24.97,"12,763,300"
"Jul 18, 2024",27.98,28.38,25.61,25.88,25.88,"16,969,700"
"Jul 17, 2024",28.4,29.79,27.24,27.98,27.98,"23,775,000"
"Jul 16, 2024",27.75,28.83,27.37,28.54,28.54,"25,594,500"
"Jul 15, 2024",25.98,27.2,25.65,27,27,"17,136,400"
"Jul 12, 2024",25.76,26.89,25.42,26.05,26.05,"16,238,900"
"Jul 11, 2024",25.44,26.02,25.02,25.57,25.57,"13,032,700"
"Jul 10, 2024",25,26.45,24.9,24.97,24.97,"22,325,400"
"Jul 9, 2024",24.6,25.18,24,24.6,24.6,"9,419,800"
"Jul 8, 2024",24.12,25.14,23.85,24.45,24.45,"11,815,500"
"Jul 5, 2024",24.18,25.08,23.82,24.18,24.18,"11,782,100"
"Jul 3, 2024",24.03,24.89,23.65,24.37,24.37,"11,829,500"
"Jul 2, 2024",23.24,24.32,23.1,23.98,23.98,"13,703,500"
"Jul 1, 2024",23.35,23.78,22.31,23.33,23.33,"30,689,000"
"Jun 28, 2024",25.02,26.17,24.31,24.69,24.69,"20,212,000"
"Jun 27, 2024",24.1,26.69,24.06,25.09,25.09,"34,867,000"
"Jun 26, 2024",24.6,25.38,24.04,24.2,24.2,"17,903,000"
"Jun 25, 2024",23.6,24.97,22.55,24.93,24.93,"26,898,400"
"Jun 24, 2024",23.26,24.83,23.24,23.65,23.65,"22,162,900"
"Jun 21, 2024",25.24,25.81,23.51,23.93,23.93,"27,457,200"
"Jun 20, 2024",24.25,25.93,23.65,25.59,25.59,"36,029,300"
"Jun 18, 2024",24.58,25.97,23.61,24.7,24.7,"38,079,200"
"Jun 17, 2024",28.55,29.18,23.79,25.22,25.22,"90,351,900"
"Jun 14, 2024",29.23,30.66,27.41,28.7,28.7,"82,874,400"
"Jun 13, 2024",26.56,29.58,25.56,29.12,29.12,"107,306,600"
"Jun 12, 2024",29.17,33.7,24.83,25.46,25.46,"147,986,700"
"Jun 11, 2024",24.4,30.92,22.79,30.49,30.49,"146,914,700"
"Jun 10, 2024",28.97,29.34,23.06,24.83,24.83,"130,842,800"
"Jun 7, 2024",37.69,48,26.12,28.22,28.22,"279,054,400"
"Jun 6, 2024",31.57,47.5,31.28,46.55,46.55,"206,685,800"
"Jun 5, 2024",26.3,31.84,26.11,31.57,31.57,"73,156,400"
"Jun 4, 2024",26.26,28.01,25.2,26.5,26.5,"51,662,100"
"Jun 3, 2024",40.19,40.5,26.4,28,28,"165,808,300"
"May 31, 2024",22.58,23.72,21.68,23.14,23.14,"22,174,300"
"May 30, 2024",21.02,22.7,20.1,22.61,22.61,"24,403,600"
"May 29, 2024",22,22.98,21.05,21.24,21.24,"26,921,200"
"May 28, 2024",23.1,26.66,21.15,23.78,23.78,"105,077,600"
"May 24, 2024",18.42,19.68,17.7,19,19,"43,017,100"
"May 23, 2024",21.4,21.4,18.26,18.32,18.32,"30,561,100"
"May 22, 2024",21.56,22.25,20.76,21.12,21.12,"43,521,400"
"May 21, 2024",22.24,22.85,20.04,22.12,22.12,"49,250,100"
"May 20, 2024",21.54,23.4,18.94,23.14,23.14,"55,261,600"
"May 17, 2024",21.86,22.41,19.7,22.21,22.21,"96,079,600"
"May 16, 2024",33.98,35.24,27.59,27.67,27.67,"76,177,600"
"May 15, 2024",40.31,42.35,31,39.55,39.55,"131,790,100"
"May 14, 2024",64.83,64.83,36,48.75,48.75,"206,979,100"
"May 13, 2024",26.34,38.2,24.77,30.45,30.45,"187,241,700"
"May 10, 2024",17.93,20.2,16.88,17.46,17.46,"36,831,900"
"May 9, 2024",15.9,18.51,15.35,18.01,18.01,"25,759,300"
"May 8, 2024",16.05,17.24,15.33,15.92,15.92,"24,775,100"
"May 7, 2024",15.85,17.29,14.93,16.31,16.31,"24,308,600"
"May 6, 2024",14.99,17.4,13.62,16.31,16.31,"48,018,700"
"May 3, 2024",12.42,17.45,12.31,16.47,16.47,"36,292,400"
"May 2, 2024",11.11,12.88,10.96,12.76,12.76,"8,654,800"
"May 1, 2024",11.03,11.32,10.7,10.91,10.91,"2,653,200"
"Apr 30, 2024",11.18,11.3,10.91,11.09,11.09,"2,866,500"
"Apr 29, 2024",11.84,11.96,11.18,11.29,11.29,"3,821,500"
"Apr 26, 2024",11.18,12.19,11,11.9,11.9,"7,685,100"
"Apr 25, 2024",10.7,11.21,10.48,11.21,11.21,"4,903,800"
"Apr 24, 2024",10.16,10.94,10.16,10.93,10.93,"4,829,600"
"Apr 23, 2024",10.05,10.28,10.01,10.16,10.16,"2,511,800"
"Apr 22, 2024",10.41,10.45,10.01,10.01,10.01,"3,261,000"
"Apr 19, 2024",10.2,10.5,10.2,10.42,10.42,"2,462,700"
"Apr 18, 2024",10.32,10.63,10.27,10.31,10.31,"2,175,400"
"Apr 17, 2024",10.44,10.59,10.3,10.3,10.3,"2,096,700"
"Apr 16, 2024",10,10.55,9.95,10.37,10.37,"4,162,100"
"Apr 15, 2024",10.81,10.84,10.06,10.06,10.06,"5,086,300"
"Apr 12, 2024",11.21,11.23,10.76,10.77,10.77,"3,214,400"
"Apr 11, 2024",10.91,11.39,10.8,11.29,11.29,"3,802,100"
"Apr 10, 2024",10.9,11.07,10.75,10.85,10.85,"3,546,200"
"Apr 9, 2024",10.85,11.18,10.73,11.01,11.01,"3,455,500"
"Apr 8, 2024",11.3,11.37,10.83,10.83,10.83,"3,659,100"
"Apr 5, 2024",11.3,11.5,10.97,11.25,11.25,"4,760,000"
"Apr 4, 2024",11.5,11.83,11.38,11.53,11.53,"4,347,000"
"Apr 3, 2024",11.22,11.5,10.9,11.38,11.38,"4,331,500"
"Apr 2, 2024",11.84,11.99,11.26,11.28,11.28,"6,327,700"
"Apr 1, 2024",12.63,12.67,11.55,11.99,11.99,"9,207,100"
"Mar 28, 2024",13.19,13.19,12.47,12.52,12.52,"8,473,500"
"Mar 27, 2024",13.05,13.72,12.8,13.17,13.17,"17,871,300"
"Mar 26, 2024",15.15,15.63,14.75,15.5,15.5,"17,245,800"
"Mar 25, 2024",13.42,15.15,13.31,15.12,15.12,"10,416,300"
"Mar 22, 2024",13.76,13.95,13.01,13.1,13.1,"4,411,600"
"Mar 21, 2024",13.56,14.02,13.48,13.66,13.66,"3,382,800"
"Mar 20, 2024",13.47,13.79,13.21,13.48,13.48,"3,921,300"
"Mar 19, 2024",13.76,13.89,13.3,13.41,13.41,"3,894,700"
"Mar 18, 2024",14.25,14.3,13.9,13.91,13.91,"3,490,800"
"Mar 15, 2024",14.55,14.83,14.21,14.24,14.24,"4,480,700"
"Mar 14, 2024",14.8,15.02,14.4,14.63,14.63,"2,534,200"
"Mar 13, 2024",14.69,15.2,14.62,14.87,14.87,"2,898,100"
"Mar 12, 2024",14.35,14.84,14.09,14.72,14.72,"2,382,600"
"Mar 11, 2024",14.64,14.94,14.36,14.43,14.43,"2,111,900"
"Mar 8, 2024",15.4,15.63,14.52,14.65,14.65,"3,169,800"
"Mar 7, 2024",15.26,15.51,15.05,15.26,15.26,"2,111,900"
"Mar 6, 2024",15.22,15.89,14.94,15.26,15.26,"3,818,100"
"Mar 5, 2024",14.95,15.28,14.78,15,15,"3,152,700"
"Mar 4, 2024",14.93,15.59,14.83,15.22,15.22,"4,367,600"
"Mar 1, 2024",14.18,15.09,13.99,14.95,14.95,"4,899,500"
"Feb 29, 2024",14.34,14.65,14.03,14.27,14.27,"2,638,700"
"Feb 28, 2024",14,14.47,13.89,14.24,14.24,"2,440,700"
"Feb 27, 2024",13.7,14.29,13.68,14.21,14.21,"2,795,500"
"Feb 26, 2024",13.31,13.75,13.2,13.68,13.68,"2,278,600"
"Feb 23, 2024",13.3,13.79,13.12,13.51,13.51,"2,319,700"
"Feb 22, 2024",13.5,13.65,13.34,13.36,13.36,"1,817,800"
"Feb 21, 2024",13.46,13.67,13.23,13.41,13.41,"1,722,800"
"Feb 20, 2024",13.96,14.05,13.16,13.49,13.49,"3,784,500"
"Feb 16, 2024",14.46,14.53,14.1,14.12,14.12,"2,301,900"
"Feb 15, 2024",14.54,14.75,14.23,14.51,14.51,"2,400,500"
"Feb 14, 2024",14.33,14.43,14.05,14.41,14.41,"2,504,400"
"Feb 13, 2024",14.2,14.4,13.77,14.17,14.17,"3,788,700"
"Feb 12, 2024",14.58,15.22,14.53,14.73,14.73,"2,750,100"
"Feb 9, 2024",14.37,15.23,14.3,14.66,14.66,"3,575,300"
"Feb 8, 2024",14.01,14.44,13.89,14.35,14.35,"1,838,300"
"Feb 7, 2024",14.12,14.3,13.78,14.07,14.07,"1,947,800"
"Feb 6, 2024",13.6,14.3,13.43,14.1,14.1,"3,047,800"
"Feb 5, 2024",14.5,14.61,13.4,13.46,13.46,"4,361,500"
"Feb 2, 2024",14.15,14.92,14.08,14.73,14.73,"2,924,500"
"Feb 1, 2024",14.34,14.42,14.02,14.42,14.42,"2,220,200"
"Jan 31, 2024",14.4,14.83,14.22,14.23,14.23,"2,684,700"
"Jan 30, 2024",14.54,14.82,14.51,14.55,14.55,"1,652,600"
"Jan 29, 2024",14.5,14.81,14.32,14.78,14.78,"2,164,200"
"Jan 26, 2024",14.44,14.72,14.41,14.49,14.49,"2,288,800"
"Jan 25, 2024",13.97,14.54,13.92,14.52,14.52,"3,635,900"
"Jan 24, 2024",14.28,14.38,13.82,13.95,13.95,"2,513,800"
"Jan 23, 2024",15,15.02,14.05,14.18,14.18,"3,495,300"
"Jan 22, 2024",14.5,15.16,14.3,14.9,14.9,"3,606,500"
"Jan 19, 2024",14.36,14.6,14.09,14.51,14.51,"2,396,200"
"Jan 18, 2024",14.2,14.77,14.05,14.29,14.29,"3,906,000"
"Jan 17, 2024",13.86,14.11,13.71,14.08,14.08,"2,706,200"
"Jan 16, 2024",14.6,14.62,13.93,13.98,13.98,"3,581,200"
"Jan 12, 2024",15.3,15.62,14.73,14.75,14.75,"2,479,800"
"Jan 11, 2024",15.65,15.8,15.24,15.25,15.25,"2,992,200"
"Jan 10, 2024",15.12,15.76,14.97,15.73,15.73,"3,191,700"
"Jan 9, 2024",15.59,15.62,15.12,15.16,15.16,"3,105,300"
"Jan 8, 2024",15.78,16.12,15.7,15.79,15.79,"3,031,100"
"Jan 5, 2024",16.16,16.52,15.96,15.96,15.96,"2,619,200"
"Jan 4, 2024",16.51,16.75,16.31,16.36,16.36,"2,671,500"
"Jan 3, 2024",16.3,16.83,15.9,16.69,16.69,"4,193,600"
"Jan 2, 2024",17.25,17.6,16.58,16.67,16.67,"4,428,000"
"Dec 29, 2023",18.04,18.16,17.46,17.53,17.53,"4,536,700"
"Dec 28, 2023",18.05,18.32,17.85,18.07,18.07,"3,574,800"
"Dec 27, 2023",17.43,18.37,17.37,18.37,18.37,"4,800,100"
"Dec 26, 2023",16.98,17.41,16.82,17.36,17.36,"3,079,600"
"Dec 22, 2023",16.78,17.2,16.45,16.97,16.97,"3,329,900"
"Dec 21, 2023",17.19,17.34,16.59,16.98,16.98,"3,975,300"
"Dec 20, 2023",17.53,18.38,16.89,16.93,16.93,"5,553,000"
"Dec 19, 2023",17.89,18.59,17.23,17.72,17.72,"5,447,100"
"Dec 18, 2023",17.24,18.51,17.1,17.86,17.86,"7,352,200"
"Dec 15, 2023",17.4,17.58,17.01,17.26,17.26,"7,119,100"
"Dec 14, 2023",17.14,17.88,16.8,17.44,17.44,"10,750,700"
"Dec 13, 2023",15.22,16.8,15.19,16.69,16.69,"9,086,900"
"Dec 12, 2023",15.12,15.36,14.84,15.22,15.22,"4,210,700"
"Dec 11, 2023",15.45,15.69,14.98,15.07,15.07,"4,961,200"
"Dec 8, 2023",15.83,16.48,15.47,15.55,15.55,"10,401,400"
"Dec 7, 2023",13.71,16.52,13.56,16.36,16.36,"19,840,700"
"Dec 6, 2023",15.36,15.7,14.64,14.84,14.84,"12,691,300"
"Dec 5, 2023",16.47,16.72,14.87,14.91,14.91,"14,220,100"
"Dec 4, 2023",15.29,17.41,14.91,16.98,16.98,"20,098,700"
"Dec 1, 2023",14.52,15.99,14.5,15.3,15.3,"13,378,700"
"Nov 30, 2023",16.29,16.33,14.32,14.55,14.55,"16,537,200"
"Nov 29, 2023",15.49,17.56,14.7,16.25,16.25,"61,172,800"
"Nov 28, 2023",11.9,13.55,11.89,13.49,13.49,"14,192,900"
"Nov 27, 2023",12.18,12.33,11.89,11.91,11.91,"3,710,600"
"Nov 24, 2023",12.22,12.41,12.18,12.2,12.2,"1,232,500"
"Nov 22, 2023",12.56,12.71,12.19,12.29,12.29,"2,358,800"
"Nov 21, 2023",12.65,12.72,12.26,12.55,12.55,"3,710,100"
"Nov 20, 2023",13,13.2,12.8,12.8,12.8,"2,294,900"
"Nov 17, 2023",12.52,13.06,12.52,13.03,13.03,"3,414,200"
"Nov 16, 2023",13.14,13.19,12.52,12.53,12.53,"3,425,800"
"Nov 15, 2023",13.15,13.5,13.03,13.27,13.27,"4,121,600"
"Nov 14, 2023",12.75,13.39,12.69,12.9,12.9,"5,187,500"
"Nov 13, 2023",12.5,12.53,11.83,12.14,12.14,"4,318,500"
"Nov 10, 2023",12.81,12.97,12.35,12.54,12.54,"3,872,400"
"Nov 9, 2023",13.25,13.32,12.7,12.7,12.7,"2,750,100"
"Nov 8, 2023",13.51,13.76,13.28,13.28,13.28,"1,705,600"
"Nov 7, 2023",13.47,13.79,13.23,13.64,13.64,"2,354,400"
"Nov 6, 2023",13.99,14.05,13.49,13.53,13.53,"2,164,400"
"Nov 3, 2023",13.9,14.4,13.83,13.87,13.87,"2,966,200"
"Nov 2, 2023",13.37,13.7,13.28,13.64,13.64,"3,566,600"
"Nov 1, 2023",13.78,13.8,13.01,13.01,13.01,"3,430,100"
"Oct 31, 2023",12.85,13.9,12.82,13.77,13.77,"4,574,600"
"Oct 30, 2023",13.15,13.27,12.59,12.8,12.8,"3,475,900"
"Oct 27, 2023",13.51,13.62,13.02,13.12,13.12,"2,481,700"
"Oct 26, 2023",13.73,13.8,13.41,13.5,13.5,"2,036,400"
"Oct 25, 2023",14.01,14.01,13.61,13.71,13.71,"1,967,300"
"Oct 24, 2023",13.59,14.3,13.55,14.04,14.04,"3,738,300"
"Oct 23, 2023",13.28,13.59,13.04,13.44,13.44,"2,785,500"
"Oct 20, 2023",13.18,13.8,13.12,13.44,13.44,"3,661,800"
"Oct 19, 2023",13.8,13.85,12.9,13.16,13.16,"5,808,000"
"Oct 18, 2023",14,14.25,13.81,13.85,13.85,"4,045,800"
"Oct 17, 2023",14.25,14.83,14.1,14.12,14.12,"3,842,400"
"Oct 16, 2023",14.81,14.93,14.15,14.43,14.43,"3,508,600"
"Oct 13, 2023",14.92,15.11,14.78,14.92,14.92,"1,823,300"
"Oct 12, 2023",15.77,15.8,14.82,15.09,15.09,"3,180,300"
"Oct 11, 2023",16.01,16.09,15.74,15.82,15.82,"2,098,200"
"Oct 10, 2023",15.5,16.19,15.4,16,16,"2,915,900"
"Oct 9, 2023",14.77,15.5,14.72,15.4,15.4,"2,276,300"
"Oct 6, 2023",14.59,15.26,14.58,15.08,15.08,"2,467,100"
"Oct 5, 2023",14.7,14.98,14.58,14.71,14.71,"1,945,100"
"Oct 4, 2023",14.77,14.94,14.44,14.87,14.87,"2,586,400"
"Oct 3, 2023",15.29,15.29,14.57,14.6,14.6,"4,510,300"
"Oct 2, 2023",16.3,16.31,15.26,15.39,15.39,"6,087,700"
"Sep 29, 2023",17.05,17.26,16.4,16.46,16.46,"3,397,000"
"Sep 28, 2023",18.02,18.1,16.44,16.84,16.84,"7,431,900"
"Sep 27, 2023",16.87,17.26,16.81,17.15,17.15,"1,681,300"
"Sep 26, 2023",17.38,17.82,16.78,16.78,16.78,"2,726,800"
"Sep 25, 2023",17,17.72,16.85,17.67,17.67,"2,181,200"
"Sep 22, 2023",17.18,17.35,17,17.18,17.18,"2,100,300"
"Sep 21, 2023",17.28,17.32,16.65,17.02,17.02,"2,910,700"
"Sep 20, 2023",17.63,17.93,17.45,17.52,17.52,"2,129,800"
"Sep 19, 2023",17.59,17.64,17.13,17.52,17.52,"2,584,200"
"Sep 18, 2023",17.99,18.1,17.35,17.55,17.55,"3,694,600"
"Sep 15, 2023",18.36,18.61,18.15,18.22,18.22,"6,166,600"
"Sep 14, 2023",17.8,18.52,17.6,18.33,18.33,"3,078,000"
"Sep 13, 2023",17.31,17.93,17.27,17.81,17.81,"3,012,600"
"Sep 12, 2023",17.53,18.5,17.19,17.23,17.23,"5,179,400"
"Sep 11, 2023",17.85,17.85,16.9,17.02,17.02,"3,543,800"
"Sep 8, 2023",18.15,18.5,17.35,17.71,17.71,"4,689,200"
"Sep 7, 2023",19.13,19.48,17.61,18.89,18.89,"5,021,300"
"Sep 6, 2023",19.06,19.15,18.42,18.75,18.75,"6,107,200"
"Sep 5, 2023",18.45,19.34,18.26,19.23,19.23,"3,781,300"
"Sep 1, 2023",18.66,18.73,18.32,18.42,18.42,"2,135,900"
"Aug 31, 2023",18.41,19.42,18.15,18.55,18.55,"4,674,100"
"Aug 30, 2023",18.2,18.52,17.91,18.37,18.37,"1,884,500"
"Aug 29, 2023",17.6,18.55,17.6,18.24,18.24,"2,709,200"
"Aug 28, 2023",17.35,18.11,17.25,17.57,17.57,"3,007,400"
"Aug 25, 2023",16.5,17.18,16.45,17.13,17.13,"3,423,500"
"Aug 24, 2023",16.94,16.98,16.18,16.36,16.36,"3,624,500"
"Aug 23, 2023",17.25,17.34,16.88,16.89,16.89,"2,909,100"
"Aug 22, 2023",18.62,18.62,17.25,17.26,17.26,"3,782,100"
"Aug 21, 2023",18.3,18.82,18.2,18.48,18.48,"2,864,700"
"Aug 18, 2023",18.18,18.66,18.14,18.36,18.36,"2,029,100"
"Aug 17, 2023",18.79,18.81,18.3,18.38,18.38,"2,056,800"
"Aug 16, 2023",19.18,19.34,18.55,18.59,18.59,"3,015,600"
"Aug 15, 2023",19.77,19.78,19.09,19.33,19.33,"2,290,300"
"Aug 14, 2023",19.75,20.01,19.08,19.96,19.96,"3,329,300"
"Aug 11, 2023",20.03,20.38,19.97,20.19,20.19,"1,522,900"
"Aug 10, 2023",20,20.29,19.87,20.19,20.19,"1,432,400"
"Aug 9, 2023",20.85,20.85,19.82,19.93,19.93,"2,929,600"
"Aug 8, 2023",20.7,20.9,20.28,20.74,20.74,"1,431,300"
"Aug 7, 2023",20.9,21.24,20.48,21.07,21.07,"1,441,300"
"Aug 4, 2023",20.95,21.89,20.89,20.98,20.98,"2,406,000"
"Aug 3, 2023",20.88,21.18,20.74,20.93,20.93,"1,318,700"
"Aug 2, 2023",21.15,21.15,20.34,20.83,20.83,"2,625,800"
"Aug 1, 2023",21.95,22,21.26,21.5,21.5,"2,567,100"
"Jul 31, 2023",22,22.38,21.85,22.2,22.2,"1,973,400"
"Jul 28, 2023",22.02,22.49,21.79,21.93,21.93,"2,642,100"
"Jul 27, 2023",22.94,23.49,22.13,22.22,22.22,"3,370,900"
"Jul 26, 2023",22.7,22.99,22.48,22.7,22.7,"1,489,200"
"Jul 25, 2023",23.1,23.1,22.53,22.85,22.85,"1,672,000"
"Jul 24, 2023",22.42,23.04,22.2,23.04,23.04,"2,970,400"
"Jul 21, 2023",23.05,23.22,22.16,22.18,22.18,"3,167,900"
"Jul 20, 2023",23.01,23.22,22.66,22.91,22.91,"2,256,700"
"Jul 19, 2023",23.42,23.58,22.96,23.17,23.17,"2,250,100"
"Jul 18, 2023",22.72,23.8,22.68,23.08,23.08,"2,342,000"
"Jul 17, 2023",22.88,23.31,22.7,22.82,22.82,"2,026,000"
"Jul 14, 2023",23.49,23.72,22.94,22.97,22.97,"2,178,800"
"Jul 13, 2023",23.54,23.98,23.42,23.46,23.46,"1,912,200"
"Jul 12, 2023",24.25,24.31,23.44,23.44,23.44,"1,742,200"
"Jul 11, 2023",23.2,24.44,23.2,23.91,23.91,"3,057,100"
"Jul 10, 2023",22.61,23.56,22,23.54,23.54,"3,318,200"
"Jul 7, 2023",22.97,23.53,22.67,22.71,22.71,"2,447,200"
"Jul 6, 2023",23.52,23.57,22.82,22.83,22.83,"2,384,600"
"Jul 5, 2023",24.64,24.85,23.79,23.9,23.9,"2,263,100"
"Jul 3, 2023",24.29,25.11,24.21,24.91,24.91,"1,806,600"
"Jun 30, 2023",24.97,25.13,24.25,24.25,24.25,"2,803,300"
"Jun 29, 2023",24.96,25.47,24.62,24.9,24.9,"3,101,000"
"Jun 28, 2023",23.44,25.1,23.4,24.98,24.98,"3,493,900"
"Jun 27, 2023",23.29,23.6,23,23.58,23.58,"2,141,500"
"Jun 26, 2023",23.38,24.03,22.91,23.02,23.02,"2,525,200"
"Jun 23, 2023",23.78,24.15,23.68,23.7,23.7,"2,261,000"
"Jun 22, 2023",24.13,24.33,23.76,24.32,24.32,"1,889,600"
"Jun 21, 2023",24.84,25.1,24.1,24.43,24.43,"2,404,700"
"Jun 20, 2023",24.41,24.65,23.72,24.58,24.58,"3,250,700"
"Jun 16, 2023",25.02,25.11,24.42,24.56,24.56,"4,443,500"
"Jun 15, 2023",25.41,26.17,24.64,24.84,24.84,"5,501,800"
"Jun 14, 2023",26.72,27.08,24.9,25.7,25.7,"7,243,700"
"Jun 13, 2023",26.2,27.65,25.03,26.95,26.95,"17,160,600"
"Jun 12, 2023",22.85,24.3,22.74,24.3,24.3,"7,131,400"
"Jun 9, 2023",21.78,23.43,21.5,22.68,22.68,"10,342,600"
"Jun 8, 2023",20.3,22,20.1,21.44,21.44,"19,213,300"
"Jun 7, 2023",26.2,26.55,25.07,26.11,26.11,"18,001,100"
"Jun 6, 2023",24.01,25.25,24,24.69,24.69,"3,984,300"
"Jun 5, 2023",24.53,25.84,24.16,24.31,24.31,"4,201,900"
"Jun 2, 2023",24.29,24.93,24.28,24.64,24.64,"3,300,700"
"Jun 1, 2023",24.04,24.66,23.78,24.1,24.1,"3,845,000"
"May 31, 2023",24.51,24.8,23.88,24.05,24.05,"4,265,200"
"May 30, 2023",23.35,24.69,23.3,24.57,24.57,"5,037,800"
"May 26, 2023",23.47,23.71,23.06,23.25,23.25,"2,261,900"
"May 25, 2023",23.5,23.69,22.71,23.35,23.35,"2,494,400"
"May 24, 2023",23.13,23.52,22.73,23.27,23.27,"1,901,000"
"May 23, 2023",23.89,23.9,22.8,23.16,23.16,"3,786,500"
"May 22, 2023",22.1,24.36,21.99,24.21,24.21,"6,251,600"
"May 19, 2023",22.94,22.99,21.75,22.06,22.06,"2,668,200"
"May 18, 2023",22.9,23.3,22.68,23.05,23.05,"2,144,400"
"May 17, 2023",21.99,23.25,21.9,22.87,22.87,"4,573,000"
"May 16, 2023",21.5,22.1,21.42,21.99,21.99,"2,498,000"
"May 15, 2023",20.62,21.63,20.49,21.62,21.62,"2,602,000"
"May 12, 2023",20.83,20.98,20.23,20.69,20.69,"2,006,100"
"May 11, 2023",20.69,21.16,20.51,20.88,20.88,"1,652,500"
"May 10, 2023",20.45,20.96,20.38,20.76,20.76,"2,139,900"
"May 9, 2023",20.16,20.65,20.12,20.24,20.24,"1,522,700"
"May 8, 2023",20.46,20.99,20.09,20.51,20.51,"2,402,800"
"May 5, 2023",19.62,20.88,19.51,20.42,20.42,"4,357,200"
"May 4, 2023",19.25,19.48,18.92,19.35,19.35,"2,041,800"
"May 3, 2023",18.56,19.2,18.53,18.9,18.9,"3,184,000"
"May 2, 2023",18.45,18.58,18.06,18.58,18.58,"1,918,300"
"May 1, 2023",19.16,19.25,18.46,18.55,18.55,"2,356,600"
"Apr 28, 2023",18.92,19.72,18.88,19.29,19.29,"2,836,600"
"Apr 27, 2023",18.75,19.34,18.72,18.94,18.94,"2,238,900"
"Apr 26, 2023",18.98,19.23,18.65,18.65,18.65,"2,287,600"
"Apr 25, 2023",19.74,20.04,18.91,19,19,"2,560,800"
"Apr 24, 2023",20.15,20.41,19.81,19.93,19.93,"2,742,400"
"Apr 21, 2023",20.2,20.62,20.1,20.49,20.49,"2,085,900"
"Apr 20, 2023",20.88,21.57,20.06,20.22,20.22,"2,977,400"
"Apr 19, 2023",21.28,21.87,20.96,21.31,21.31,"2,539,500"
"Apr 18, 2023",22.14,22.32,21.5,21.61,21.61,"2,748,700"
"Apr 17, 2023",22.27,22.68,22.14,22.28,22.28,"2,066,600"
"Apr 14, 2023",22.74,23.25,22.32,22.46,22.46,"2,312,400"
"Apr 13, 2023",22.5,22.85,22.33,22.55,22.55,"1,803,900"
"Apr 12, 2023",22.9,23.28,22.26,22.26,22.26,"2,141,100"
"Apr 11, 2023",22.57,23.17,22.42,22.69,22.69,"2,540,000"
"Apr 10, 2023",21.85,22.43,21.82,22.37,22.37,"2,176,100"
"Apr 6, 2023",22,22.67,21.77,22.4,22.4,"2,506,900"
"Apr 5, 2023",22.47,22.47,21.23,22.07,22.07,"3,638,100"
"Apr 4, 2023",22.75,23.14,22.09,22.35,22.35,"3,421,500"
"Apr 3, 2023",22.94,23.85,22.66,23.17,23.17,"4,274,500"
"Mar 31, 2023",22.35,23.07,22.15,23.02,23.02,"3,880,300"
"Mar 30, 2023",22.6,22.83,22.11,22.5,22.5,"3,477,600"
"Mar 29, 2023",23.08,23.7,22.22,22.46,22.46,"4,161,400"
"Mar 28, 2023",22.97,23.54,22.22,23.15,23.15,"5,711,700"
"Mar 27, 2023",23.99,24.01,22.69,23,23,"4,580,800"
"Mar 24, 2023",22.32,23.99,22.1,23.98,23.98,"8,756,400"
"Mar 23, 2023",22.57,24.59,22.13,22.58,22.58,"11,168,900"
"Mar 22, 2023",26.6,27,23.05,23.87,23.87,"66,764,700"
"Mar 21, 2023",17.15,18.35,17.14,17.65,17.65,"15,882,900"
"Mar 20, 2023",16.65,17.27,16.25,16.87,16.87,"4,463,700"
"Mar 17, 2023",16.62,16.72,15.92,16.6,16.6,"5,105,500"
"Mar 16, 2023",16,16.77,15.53,16.76,16.76,"4,083,000"
"Mar 15, 2023",16.5,16.69,15.7,15.95,15.95,"4,541,500"
"Mar 14, 2023",17.37,17.41,16.4,16.91,16.91,"3,077,400"
"Mar 13, 2023",16.77,17.35,16.52,16.75,16.75,"2,959,100"
"Mar 10, 2023",17.53,17.77,16.85,17.25,17.25,"2,845,500"
"Mar 9, 2023",18.07,18.38,17.48,17.52,17.52,"2,652,600"
"Mar 8, 2023",18.05,18.38,17.63,18.17,18.17,"3,277,800"
"Mar 7, 2023",18.54,18.84,18.06,18.06,18.06,"2,375,300"
"Mar 6, 2023",18.52,19.5,18.52,18.65,18.65,"2,815,300"
"Mar 3, 2023",18.19,19.1,18.1,18.7,18.7,"2,505,500"
"Mar 2, 2023",18.15,18.4,17.62,18.19,18.19,"2,622,100"
"Mar 1, 2023",18.92,19.09,18.14,18.15,18.15,"4,210,100"
"Feb 28, 2023",19.06,19.52,18.95,19.23,19.23,"3,373,800"
"Feb 27, 2023",19.61,19.7,18.89,19.1,19.1,"4,006,700"
"Feb 24, 2023",19.71,20.08,19.54,19.54,19.54,"2,277,600"
"Feb 23, 2023",20.66,20.87,19.53,20.14,20.14,"2,862,000"
"Feb 22, 2023",20.53,21.19,20.33,20.52,20.52,"2,164,900"
"Feb 21, 2023",21.33,21.83,20.63,20.66,20.66,"3,100,300"
"Feb 17, 2023",21.27,22.07,21.15,21.99,21.99,"2,851,000"
"Feb 16, 2023",21.25,22.42,20.85,21.6,21.6,"3,879,000"
"Feb 15, 2023",19.8,21.8,19.59,21.8,21.8,"7,137,800"
"Feb 14, 2023",19.31,20.01,19.1,19.87,19.87,"2,746,300"
"Feb 13, 2023",19.3,19.94,19.01,19.69,19.69,"2,299,300"
"Feb 10, 2023",19.56,20.04,19.05,19.27,19.27,"2,902,700"
"Feb 9, 2023",21.25,21.65,19.67,19.67,19.67,"4,497,400"
"Feb 8, 2023",21.43,21.55,20.61,21.1,21.1,"2,846,400"
"Feb 7, 2023",23,23.05,20.5,21.22,21.22,"9,093,700"
"Feb 6, 2023",21.88,24.88,21.77,23.86,23.86,"8,708,400"
"Feb 3, 2023",22.01,23.93,21.8,22.25,22.25,"4,935,900"
"Feb 2, 2023",22.44,24.4,22.22,22.7,22.7,"7,655,700"
"Feb 1, 2023",21.49,22.12,20.55,21.83,21.83,"4,517,200"
"Jan 31, 2023",21.41,22.05,21.3,21.87,21.87,"3,128,400"
"Jan 30, 2023",22.5,23.48,21.13,21.25,21.25,"4,950,600"
"Jan 27, 2023",19.8,23.31,19.41,22.82,22.82,"11,897,200"
"Jan 26, 2023",20.61,21.17,19.38,20.01,20.01,"3,520,000"
"Jan 25, 2023",20.59,20.84,19.53,20.23,20.23,"3,515,800"
"Jan 24, 2023",21.3,22.09,21,21.4,21.4,"2,381,600"
"Jan 23, 2023",19.5,22.49,19.37,21.66,21.66,"7,181,500"
"Jan 20, 2023",19.05,20.07,18.9,19.61,19.61,"3,564,300"
"Jan 19, 2023",20.44,20.45,18.82,19.04,19.04,"4,519,200"
"Jan 18, 2023",22.01,22.15,20.5,20.79,20.79,"5,632,200"
"Jan 17, 2023",20.49,21.94,20.37,21.8,21.8,"5,407,900"
"Jan 13, 2023",19.88,21.11,19.8,20.49,20.49,"5,494,400"
"Jan 12, 2023",19.04,20.63,18.34,20.63,20.63,"5,877,300"
"Jan 11, 2023",18.19,20.05,17.86,19.04,19.04,"8,405,800"
"Jan 10, 2023",16.3,18.09,16.25,17.77,17.77,"4,402,800"
"Jan 9, 2023",16.65,17.13,16.36,16.38,16.38,"3,522,600"
"Jan 6, 2023",16,16.57,15.41,16.46,16.46,"4,823,400"
"Jan 5, 2023",17.06,17.26,15.89,16.22,16.22,"6,066,200"
"Jan 4, 2023",17.25,17.93,16.9,17.32,17.32,"3,939,300"
"Jan 3, 2023",18.64,19.26,17.09,17.2,17.2,"5,135,200"
"Dec 30, 2022",17.95,18.58,17.9,18.46,18.46,"2,669,500"
"Dec 29, 2022",18.12,18.57,17.75,18.33,18.33,"3,442,800"
"Dec 28, 2022",18.29,18.7,16.98,17.92,17.92,"5,672,000"
"Dec 27, 2022",19.91,19.99,18,18.2,18.2,"4,233,000"
"Dec 23, 2022",20,20.63,19.65,20.08,20.08,"3,174,800"
"Dec 22, 2022",20.5,20.5,18.5,19.81,19.81,"5,343,100"
"Dec 21, 2022",20.4,20.9,20.18,20.56,20.56,"2,793,600"
"Dec 20, 2022",19.86,21.32,19.62,20.26,20.26,"4,479,000"
"Dec 19, 2022",20.55,20.89,19.59,19.92,19.92,"3,700,600"
"Dec 16, 2022",20.48,21.12,20.01,20.8,20.8,"9,379,700"
"Dec 15, 2022",20.74,21.44,20.24,20.58,20.58,"6,444,500"
"Dec 14, 2022",21.19,22,21.01,21.05,21.05,"4,604,800"
"Dec 13, 2022",23.55,23.7,20.83,21,21,"6,305,600"
"Dec 12, 2022",22.66,23.15,22.18,22.67,22.67,"3,750,800"
"Dec 9, 2022",24.59,24.59,22.59,22.63,22.63,"5,326,700"
"Dec 8, 2022",22,25,21.97,24.79,24.79,"10,252,000"
"Dec 7, 2022",23.4,23.61,21.97,22.26,22.26,"10,078,200"
"Dec 6, 2022",25.41,25.58,23.11,23.39,23.39,"7,699,300"
"Dec 5, 2022",27.31,27.48,25.44,25.56,25.56,"4,973,700"
"Dec 2, 2022",26.25,27.87,26.11,27.52,27.52,"4,577,200"
"Dec 1, 2022",26,27.5,25.18,26.6,26.6,"7,615,200"
"Nov 30, 2022",25.9,26.23,24.91,26.21,26.21,"3,731,100"
"Nov 29, 2022",25.58,26.35,25.32,25.6,25.6,"2,029,500"
"Nov 28, 2022",25.79,26.44,25.21,25.29,25.29,"2,440,900"
"Nov 25, 2022",26.5,27.05,26.14,26.17,26.17,"1,122,700"
"Nov 23, 2022",25.92,27.14,25.92,26.7,26.7,"2,737,500"
"Nov 22, 2022",25.13,26.45,24.7,26.3,26.3,"4,240,400"
"Nov 21, 2022",26.66,27.83,24.86,25.16,25.16,"4,443,300"
"Nov 18, 2022",28.16,28.7,26.83,27.6,27.6,"3,087,400"
"Nov 17, 2022",26.3,27.76,26.15,27.76,27.76,"2,477,700"
"Nov 16, 2022",26.62,27.35,26.37,27.14,27.14,"2,452,300"
"Nov 15, 2022",26.59,28.24,26.27,27.59,27.59,"5,392,000"
"Nov 14, 2022",26.3,27.38,25.61,26.05,26.05,"4,352,200"
"Nov 11, 2022",24.78,26.12,24.15,26.1,26.1,"3,986,200"
"Nov 10, 2022",24.62,25.7,23.91,24.88,24.88,"6,107,000"
"Nov 9, 2022",24.55,24.67,21.89,23.11,23.11,"8,464,800"
"Nov 8, 2022",25.33,25.85,24.11,25.14,25.14,"4,695,100"
"Nov 7, 2022",26.25,26.3,24.8,25.76,25.76,"3,303,600"
"Nov 4, 2022",26.6,27.03,25.34,26.51,26.51,"4,138,000"
"Nov 3, 2022",26,27.29,26,26.29,26.29,"3,384,400"
"Nov 2, 2022",27.9,28.75,26.5,26.62,26.62,"4,143,900"
"Nov 1, 2022",29.4,29.69,27.62,28.39,28.39,"5,147,500"
"Oct 31, 2022",31.22,34.99,27.91,28.31,28.31,"24,027,600"
"Oct 28, 2022",26.88,28.79,26.42,28.17,28.17,"8,089,600"
"Oct 27, 2022",25.75,26.33,25.2,25.93,25.93,"2,422,900"
"Oct 26, 2022",26.37,27.48,25.32,25.42,25.42,"3,858,200"
"Oct 25, 2022",24.82,27.79,24.8,26.87,26.87,"7,791,600"
"Oct 24, 2022",25,25.19,24.11,24.71,24.71,"3,114,300"
"Oct 21, 2022",24.15,25.33,24.1,25.3,25.3,"3,036,300"
"Oct 20, 2022",24.65,25.45,24.07,24.41,24.41,"5,148,600"
"Oct 19, 2022",26,26.18,24.27,24.54,24.54,"5,318,400"
"Oct 18, 2022",27.1,27.74,26.13,26.67,26.67,"4,402,600"
"Oct 17, 2022",25.37,26.41,25.24,25.96,25.96,"3,172,200"
"Oct 14, 2022",25.77,26.37,24.63,24.63,24.63,"2,773,500"
"Oct 13, 2022",24.42,26.59,23.91,25.56,25.56,"3,516,200"
"Oct 12, 2022",25.96,26.89,25.27,25.36,25.36,"3,284,400"
"Oct 11, 2022",24.87,26.3,23.95,25.27,25.27,"4,195,900"
"Oct 10, 2022",25.37,26.5,24.75,25,25,"2,917,600"
"Oct 7, 2022",25.84,25.84,24.42,25.35,25.35,"3,270,600"
"Oct 6, 2022",26.29,27,25.8,25.99,25.99,"2,418,700"
"Oct 5, 2022",26.77,26.98,25.43,26.39,26.39,"2,986,400"
"Oct 4, 2022",25.95,27.83,25.95,27.6,27.6,"4,581,900"
"Oct 3, 2022",25.14,25.63,24.21,25.38,25.38,"2,653,900"
"Sep 30, 2022",25.03,25.82,24.44,25.13,25.13,"3,148,300"
"Sep 29, 2022",27.08,27.69,24.69,25.46,25.46,"4,118,200"
"Sep 28, 2022",25.89,27.5,25.62,27.31,27.31,"2,630,100"
"Sep 27, 2022",25.47,26.39,25.13,26.13,26.13,"4,487,200"
"Sep 26, 2022",24.66,25.87,24.12,24.48,24.48,"3,440,300"
"Sep 23, 2022",24.15,25.15,24.06,25.04,25.04,"3,622,400"
"Sep 22, 2022",27.17,27.27,24.38,24.7,24.7,"4,346,500"
"Sep 21, 2022",27.45,28.99,26.77,26.86,26.86,"3,859,200"
"Sep 20, 2022",29.28,29.33,27.18,27.54,27.54,"3,145,900"
"Sep 19, 2022",28.34,29.65,28.15,28.96,28.96,"3,404,000"
"Sep 16, 2022",28.33,28.8,27.78,28.64,28.64,"4,656,000"
"Sep 15, 2022",27.86,29.07,27.86,28.61,28.61,"3,329,500"
"Sep 14, 2022",27.56,28.45,26.65,28.13,28.13,"3,605,800"
"Sep 13, 2022",27.4,28.61,27.32,27.85,27.85,"3,657,200"
"Sep 12, 2022",29.03,30.34,28,29.24,29.24,"6,175,200"
"Sep 9, 2022",26.3,29.08,26.1,28.92,28.92,"7,899,800"
"Sep 8, 2022",25,26.74,24.07,25.83,25.83,"14,142,200"
"Sep 7, 2022",24.73,25.19,23.42,24.04,24.04,"12,504,700"
"Sep 6, 2022",25.75,26.72,24.67,25.14,25.14,"7,010,200"
"Sep 2, 2022",28.26,28.74,26.93,27.36,27.36,"4,680,100"
"Sep 1, 2022",28,28.91,26.95,27.63,27.63,"5,293,900"
"Aug 31, 2022",29.25,29.96,28.26,28.64,28.64,"5,157,000"
"Aug 30, 2022",31.62,31.87,29.42,29.84,29.84,"5,060,200"
"Aug 29, 2022",30.48,32.75,30.38,31.55,31.55,"4,292,700"
"Aug 26, 2022",31.5,32.38,30.63,30.94,30.94,"4,297,300"
"Aug 25, 2022",32.84,32.89,31.5,31.96,31.96,"4,726,300"
"Aug 24, 2022",34,34.94,32.44,32.5,32.5,"5,620,300"
"Aug 23, 2022",34.7,34.99,33.45,33.53,33.53,"4,836,300"
"Aug 22, 2022",34.31,36.2,34.2,34.5,34.5,"5,798,600"
"Aug 19, 2022",35.18,37.19,34.67,36.49,36.49,"9,551,900"
"Aug 18, 2022",39.27,40.07,37.34,37.93,37.93,"8,145,400"
"Aug 17, 2022",42.18,44.36,40.41,40.52,40.52,"9,766,400"
"Aug 16, 2022",39.17,45.53,38.6,42.19,42.19,"23,602,800"
"Aug 15, 2022",39.75,40.39,38.81,39.68,39.68,"5,243,100"
"Aug 12, 2022",40,41.43,39.15,40.74,40.74,"5,120,000"
"Aug 11, 2022",40.91,41.97,39.35,39.45,39.45,"5,140,500"
"Aug 10, 2022",42,42,38.63,40.53,40.53,"5,434,700"
"Aug 9, 2022",42.14,43.19,39,40.37,40.37,"6,954,200"
"Aug 8, 2022",41.29,47.99,40.75,43.45,43.45,"17,987,100"
"Aug 5, 2022",37.37,40.43,36.56,40.02,40.02,"8,124,200"
"Aug 4, 2022",38.34,39.89,37.89,38.36,38.36,"5,421,500"
"Aug 3, 2022",36.22,38.01,36,37.93,37.93,"5,186,500"
"Aug 2, 2022",35.9,36.8,35.12,35.84,35.84,"4,697,100"
"Aug 1, 2022",33.8,35.71,33.77,34.78,34.78,"4,196,600"
"Jul 29, 2022",33.68,34.79,33.06,34.01,34.01,"3,988,800"
"Jul 28, 2022",33.39,34.43,32.66,33.84,33.84,"3,207,400"
"Jul 27, 2022",32.96,34.12,32.16,33.78,33.78,"4,251,200"
"Jul 26, 2022",32.87,33.31,32.1,32.43,32.43,"4,866,100"
"Jul 25, 2022",35,35.51,33.25,33.98,33.98,"5,686,300"
"Jul 22, 2022",4:1 Stock Splits,,,,,
"Jul 22, 2022",36.88,38.7,34.93,35.78,35.78,"10,060,200"
"Jul 21, 2022",39.93,40,37.29,38.37,38.37,"9,277,600"
"Jul 20, 2022",38.5,40.41,38.35,39.69,39.69,"11,400,400"
"Jul 19, 2022",37.44,39.21,36.59,37.92,37.92,"12,828,000"
"Jul 18, 2022",36.25,37.4,35.78,36.66,36.66,"11,155,200"
"Jul 15, 2022",34.86,35.59,33.51,35.41,35.41,"9,832,400"
"Jul 14, 2022",34.8,37.99,34.05,34.05,34.05,"20,970,400"
"Jul 13, 2022",33.75,36.34,33.75,35.32,35.32,"13,703,600"
"Jul 12, 2022",32.7,35.65,31.82,34.28,34.28,"16,899,600"
"Jul 11, 2022",32.14,32.94,31.16,32.52,32.52,"7,532,800"
"Jul 8, 2022",31.67,33.17,30.63,32.13,32.13,"13,199,600"
"Jul 7, 2022",31.12,33.88,30.45,33.78,33.78,"30,313,600"
"Jul 6, 2022",30.17,30.57,28.34,29.36,29.36,"9,988,800"
"Jul 5, 2022",30.38,30.62,29.75,30.06,30.06,"6,036,000"
"Jul 1, 2022",30.28,31.29,29.82,30.85,30.85,"6,617,200"
"Jun 30, 2022",29.84,31.65,29.44,30.58,30.58,"6,718,800"
"Jun 29, 2022",30.39,31.62,29.9,30.72,30.72,"6,826,400"
"Jun 28, 2022",32.75,32.83,30.57,31.09,31.09,"6,610,000"
"Jun 27, 2022",34.12,34.26,31.83,32.42,32.42,"9,745,600"
"Jun 24, 2022",35.75,37.09,32.88,33.8,33.8,"16,995,600"
"Jun 23, 2022",35.41,36,34.18,35.51,35.51,"6,682,800"
"Jun 22, 2022",34.67,36.18,34.11,34.62,34.62,"7,838,000"
"Jun 21, 2022",34.56,36.35,33.88,35.07,35.07,"12,512,400"
"Jun 17, 2022",31.72,33.97,31.58,33.78,33.78,"12,340,800"
"Jun 16, 2022",31.24,32.32,30.15,31.43,31.43,"9,995,200"
"Jun 15, 2022",31.24,32.99,30.91,32.32,32.32,"10,764,400"
"Jun 14, 2022",29.39,32,29.02,31.54,31.54,"12,739,200"
"Jun 13, 2022",30.13,31.14,28.58,29.56,29.56,"13,792,800"
"Jun 10, 2022",31.5,32.98,30.78,32.27,32.27,"11,820,000"
"Jun 9, 2022",34.7,34.97,31.83,32.24,32.24,"13,114,400"
"Jun 8, 2022",35.35,38.25,33.96,34.68,34.68,"24,473,600"
"Jun 7, 2022",32.5,37.47,31.58,36.63,36.63,"24,967,600"
"Jun 6, 2022",33.83,34.03,31.76,32.03,32.03,"9,532,800"
"Jun 3, 2022",32.5,34.53,31.06,33.42,33.42,"18,234,400"
"Jun 2, 2022",29.75,34.13,28.89,33.5,33.5,"27,918,800"
"Jun 1, 2022",30.7,32.4,29.25,30.35,30.35,"14,991,600"
"May 31, 2022",34.3,34.98,30.13,31.18,31.18,"19,084,400"
"May 27, 2022",35.25,35.92,31.75,34.3,34.3,"30,045,200"
"May 26, 2022",29,37.12,28.67,32.12,32.12,"57,892,400"
"May 25, 2022",22.53,28.87,22.53,28.79,28.79,"40,060,000"
"May 24, 2022",23.51,23.55,21.67,22.29,22.29,"8,879,600"
"May 23, 2022",24.14,24.32,22.88,24.03,24.03,"6,994,000"
"May 20, 2022",24.95,25.6,22.44,23.92,23.92,"9,972,000"
"May 19, 2022",22.81,25.5,22.54,24.8,24.8,"12,720,400"
"May 18, 2022",24.09,24.96,22.54,22.87,22.87,"11,560,000"
"May 17, 2022",23.48,25.09,22.8,25.09,25.09,"10,444,800"
"May 16, 2022",24.7,24.8,22.69,22.95,22.95,"11,582,000"
"May 13, 2022",24.75,26.69,23.76,24.6,24.6,"23,930,800"
"May 12, 2022",20.76,27.01,19.44,22.39,22.39,"40,139,600"
"May 11, 2022",23.37,23.82,20,20.33,20.33,"16,681,200"
"May 10, 2022",25.75,26.51,22,23.38,23.38,"16,603,200"
"May 9, 2022",27.69,27.69,24.52,24.7,24.7,"13,264,800"
"May 6, 2022",29.32,30.14,27.56,28.67,28.67,"7,161,600"
"May 5, 2022",30.99,31.17,28.78,29.78,29.78,"7,015,600"
"May 4, 2022",29.8,31.94,28.93,31.77,31.77,"6,651,200"
"May 3, 2022",29.62,31.11,28.6,30.11,30.11,"7,312,800"
"May 2, 2022",30.91,31.35,28.17,29.89,29.89,"10,172,000"
"Apr 29, 2022",31.83,32.72,30.75,31.27,31.27,"5,143,600"
"Apr 28, 2022",32.57,33.15,30.13,32.33,32.33,"7,070,000"
"Apr 27, 2022",31.82,33.17,31.15,32.46,32.46,"5,223,600"
"Apr 26, 2022",33.91,34.2,31.54,31.9,31.9,"6,182,800"
"Apr 25, 2022",33.85,34.93,33.32,33.99,33.99,"6,139,200"
"Apr 22, 2022",35.64,36.58,33.89,34.56,34.56,"6,278,400"
"Apr 21, 2022",37.5,38.28,34.98,35.39,35.39,"6,737,600"
"Apr 20, 2022",38,38.08,36.66,37.21,37.21,"4,648,000"
"Apr 19, 2022",35.71,38.24,34.97,38.12,38.12,"9,416,800"
"Apr 18, 2022",37.5,37.81,34.31,35.37,35.37,"9,871,200"
"Apr 14, 2022",37.32,39.13,36.81,37.69,37.69,"10,002,400"
"Apr 13, 2022",36.03,38.03,35.51,37.67,37.67,"8,032,800"
"Apr 12, 2022",36.63,38.06,35.42,36.22,36.22,"7,996,400"
"Apr 11, 2022",35.76,37.06,35.15,36.73,36.73,"9,812,000"
"Apr 8, 2022",37.27,37.68,35.51,36.55,36.55,"10,371,600"
"Apr 7, 2022",38.53,39.17,35.39,37.5,37.5,"15,311,200"
"Apr 6, 2022",37.75,39.82,37.42,39.16,39.16,"16,268,000"
"Apr 5, 2022",42,42.11,38,38.4,38.4,"15,825,200"
"Apr 4, 2022",41.74,43.31,39.13,42.68,42.68,"18,519,200"
"Apr 1, 2022",47.22,47.44,38.81,41.25,41.25,"52,758,400"
"Mar 31, 2022",40.78,43.94,39.63,41.65,41.65,"44,968,800"
"Mar 30, 2022",43.75,45.83,41.25,41.71,41.71,"36,676,800"
"Mar 29, 2022",47.06,49.85,40.75,44.97,44.97,"72,046,000"
"Mar 28, 2022",37.99,47.71,37.88,47.4,47.4,"65,266,000"
"Mar 25, 2022",35.01,39.54,34.55,37.99,37.99,"53,535,600"
"Mar 24, 2022",33.5,35.87,31.69,35.6,35.6,"36,400,800"
"Mar 23, 2022",32.5,37.73,31.64,35.25,35.25,"98,399,200"
"Mar 22, 2022",23.85,31.45,23.61,30.78,30.78,"60,068,800"
"Mar 21, 2022",22.5,24.85,22.44,23.55,23.55,"15,812,400"
"Mar 18, 2022",19.93,24.36,19.73,22.7,22.7,"35,688,400"
"Mar 17, 2022",21.27,22.4,20.86,21.92,21.92,"13,796,400"
"Mar 16, 2022",21.28,22.5,20.5,21.72,21.72,"10,615,600"
"Mar 15, 2022",20.52,21.89,19.67,20.66,20.66,"14,115,200"
"Mar 14, 2022",23.36,23.58,19.4,19.53,19.53,"18,134,400"
"Mar 11, 2022",25.67,25.73,23.17,23.17,23.17,"8,822,000"
"Mar 10, 2022",25.98,26.01,24.56,25.14,25.14,"5,582,000"
"Mar 9, 2022",26.75,27.22,25.88,26.3,26.3,"5,598,400"
"Mar 8, 2022",25.26,27.25,24.27,25.75,25.75,"8,536,000"
"Mar 7, 2022",28.75,28.75,24.02,24.84,24.84,"12,591,600"
"Mar 4, 2022",29.5,30.13,27.65,27.92,27.92,"5,911,200"
"Mar 3, 2022",30.74,30.93,29.31,29.6,29.6,"4,382,400"
"Mar 2, 2022",29.88,30.67,29.09,30.49,30.49,"5,242,800"
"Mar 1, 2022",30.55,31.47,29.59,29.75,29.75,"4,384,000"
"Feb 28, 2022",30.25,31.57,29.22,30.83,30.83,"6,458,000"
"Feb 25, 2022",30.89,31.24,29.12,29.65,29.65,"6,841,200"
"Feb 24, 2022",26.38,31.43,26.03,31.15,31.15,"9,024,800"
"Feb 23, 2022",30.31,30.84,28.57,28.72,28.72,"5,393,200"
"Feb 22, 2022",29.55,30.83,28.55,29.51,29.51,"6,156,400"
"Feb 18, 2022",31.05,31.41,29.53,30.38,30.38,"6,214,000"
"Feb 17, 2022",31.69,32.71,30.56,30.85,30.85,"6,256,400"
"Feb 16, 2022",31.11,33.21,30.98,32.08,32.08,"8,007,600"
"Feb 15, 2022",30.24,31.81,29.82,31.54,31.54,"7,911,600"
"Feb 14, 2022",30.73,31.38,29.04,29.27,29.27,"9,102,800"
"Feb 11, 2022",30.62,32.47,30.19,31.06,31.06,"11,299,200"
"Feb 10, 2022",29.49,32.94,29,30.62,30.62,"14,826,000"
"Feb 9, 2022",28.52,31.18,28.25,31.07,31.07,"15,467,600"
"Feb 8, 2022",25.44,29.42,25.14,28.9,28.9,"19,839,600"
"Feb 7, 2022",25.75,26.34,24.69,25.58,25.58,"7,037,600"
"Feb 4, 2022",24.75,26,23.77,25.58,25.58,"7,627,200"
"Feb 3, 2022",25.38,26.74,24.43,24.81,24.81,"10,710,000"
"Feb 2, 2022",27.59,27.97,24.51,25.01,25.01,"13,116,400"
"Feb 1, 2022",28.25,29.16,27.07,28.15,28.15,"13,847,600"
"Jan 31, 2022",24.47,27.45,24.47,27.23,27.23,"13,997,200"
"Jan 28, 2022",23.85,24.5,21.9,24.48,24.48,"16,430,400"
"Jan 27, 2022",26.03,26.75,23.22,23.38,23.38,"14,644,400"
"Jan 26, 2022",25.27,29.75,25.08,25.82,25.82,"33,330,000"
"Jan 25, 2022",24.23,26.24,23.75,24.95,24.95,"14,297,200"
"Jan 24, 2022",24.75,25.72,21.57,25.04,25.04,"25,039,600"
"Jan 21, 2022",25.25,27.55,23.18,26.59,26.59,"22,120,000"
"Jan 20, 2022",26.98,28.8,25.4,25.67,25.67,"11,680,400"
"Jan 19, 2022",27.5,28.26,26.1,26.64,26.64,"9,614,400"
"Jan 18, 2022",28.28,28.44,26.1,27.23,27.23,"15,022,400"
"Jan 14, 2022",30.04,30.58,28,29.16,29.16,"15,402,000"
"Jan 13, 2022",32.13,32.63,30.42,30.62,30.62,"8,901,200"
"Jan 12, 2022",32.5,32.83,31.61,32.01,32.01,"6,298,000"
"Jan 11, 2022",32.53,34.2,31.85,32.58,32.58,"10,332,400"
"Jan 10, 2022",33.75,33.92,30,32.79,32.79,"22,048,000"
"Jan 7, 2022",39.94,40.08,33.13,35.15,35.15,"48,549,200"
"Jan 6, 2022",33.21,34.42,30.28,32.76,32.76,"24,206,000"
"Jan 5, 2022",37.1,37.21,32.29,32.34,32.34,"13,585,600"
"Jan 4, 2022",38.04,38.25,35.76,37.23,37.23,"7,339,600"
"Jan 3, 2022",37.31,39.85,37.3,38.21,38.21,"5,654,800"
"Dec 31, 2021",38.4,39.18,37.03,37.1,37.1,"5,576,000"
"Dec 30, 2021",37.75,40,37.5,38.83,38.83,"6,247,600"
"Dec 29, 2021",36.96,38.87,35.53,38.48,38.48,"8,149,600"
"Dec 28, 2021",36.88,39.35,36.6,36.62,36.62,"5,324,400"
"Dec 27, 2021",38,38.15,35,37.08,37.08,"6,454,400"
"Dec 23, 2021",38.5,38.75,36.51,38.03,38.03,"4,222,000"
"Dec 22, 2021",39.58,39.79,38.03,38.5,38.5,"4,188,800"
"Dec 21, 2021",39.26,40.06,38.78,39.53,39.53,"5,720,800"
"Dec 20, 2021",38.3,39.92,37.42,39.28,39.28,"7,314,400"
"Dec 17, 2021",35.94,39.64,34.83,38.91,38.91,"17,226,800"
"Dec 16, 2021",38.23,38.61,35.53,36.15,36.15,"8,659,200"
"Dec 15, 2021",36.87,38,35.28,37.15,37.15,"11,064,000"
"Dec 14, 2021",32.75,37.59,32.38,36.92,36.92,"26,048,400"
"Dec 13, 2021",40.08,40.22,33.77,34.22,34.22,"21,944,800"
"Dec 10, 2021",39.96,40.58,37,39.75,39.75,"18,107,600"
"Dec 9, 2021",41.75,43.17,37.75,38.94,38.94,"20,337,200"
"Dec 8, 2021",44.15,45.06,42.99,43.41,43.41,"10,444,800"
"Dec 7, 2021",43.79,45.49,42.63,44.45,44.45,"7,889,600"
"Dec 6, 2021",41.5,43.33,40.8,41.78,41.78,"8,914,400"
"Dec 3, 2021",45.25,45.98,39.76,43.1,43.1,"16,386,800"
"Dec 2, 2021",46.25,46.86,43.27,45.39,45.39,"8,348,400"
"Dec 1, 2021",49.85,50.03,44.25,44.96,44.96,"9,406,000"
"Nov 30, 2021",50.03,50.99,47,49.05,49.05,"6,895,600"
"Nov 29, 2021",51,51.98,50.24,50.5,50.5,"4,435,200"
"Nov 26, 2021",52.02,52.93,49.8,49.93,49.93,"4,941,200"
"Nov 24, 2021",54.31,56,52,52.94,52.94,"5,237,600"
"Nov 23, 2021",60.96,63.05,53.14,53.47,53.47,"13,380,800"
"Nov 22, 2021",57.62,62.41,57.44,61.89,61.89,"17,485,600"
"Nov 19, 2021",52.28,57.35,52.06,57.2,57.2,"12,136,800"
"Nov 18, 2021",52.56,53.78,51.88,52.53,52.53,"4,017,600"
"Nov 17, 2021",51.58,54.42,51.5,52.5,52.5,"5,410,800"
"Nov 16, 2021",52.26,53.14,50.91,51.79,51.79,"4,858,400"
"Nov 15, 2021",50.97,52.88,50.42,52.28,52.28,"5,865,600"
"Nov 12, 2021",50.53,51.34,49.47,50.53,50.53,"3,712,000"
"Nov 11, 2021",50,52.02,49.54,51.08,51.08,"4,317,600"
"Nov 10, 2021",50.53,51.85,49.13,49.8,49.8,"5,237,600"
"Nov 9, 2021",55.5,55.87,51.11,51.65,51.65,"7,381,200"
"Nov 8, 2021",53.13,56.26,53,54.66,54.66,"8,631,600"
"Nov 5, 2021",55.16,55.25,52.25,53.31,53.31,"7,242,800"
"Nov 4, 2021",55.5,57.24,52.89,54.46,54.46,"11,632,000"
"Nov 3, 2021",53.5,63.92,52.06,54.58,54.58,"45,062,400"
"Nov 2, 2021",49.84,52.99,47.92,51.75,51.75,"15,529,200"
"Nov 1, 2021",45.63,52.14,45.51,50.02,50.02,"19,776,800"
"Oct 29, 2021",45.7,46.44,44.5,45.88,45.88,"9,176,000"
"Oct 28, 2021",43.79,45.78,43.75,45.71,45.71,"6,784,800"
"Oct 27, 2021",45,45.77,43.08,43.38,43.38,"4,428,000"
"Oct 26, 2021",43.34,46.25,43.13,44.46,44.46,"8,706,800"
"Oct 25, 2021",42.35,43.7,41.81,43.49,43.49,"5,771,200"
"Oct 22, 2021",44.53,44.87,41.95,42.45,42.45,"11,201,600"
"Oct 21, 2021",46.18,47.67,45.15,45.43,45.43,"9,609,600"
"Oct 20, 2021",46.58,47,45.49,46.13,46.13,"9,107,600"
"Oct 19, 2021",47.25,48.04,46.1,46.7,46.7,"8,282,400"
"Oct 18, 2021",45.74,47.47,45.64,46.51,46.51,"6,358,400"
"Oct 15, 2021",46,46.74,45.22,45.82,45.82,"4,800,000"
"Oct 14, 2021",45.94,47.55,45.65,45.96,45.96,"6,695,600"
"Oct 13, 2021",44.58,47.05,44,46.01,46.01,"7,711,600"
"Oct 12, 2021",45.13,45.44,43.45,43.96,43.96,"4,934,800"
"Oct 11, 2021",43.25,47.12,43.25,44.53,44.53,"10,739,600"
"Oct 8, 2021",43.13,43.93,42.78,43.17,43.17,"3,272,800"
"Oct 7, 2021",43,43.8,42.63,43.03,43.03,"4,637,200"
"Oct 6, 2021",42.51,43.24,41.45,42.77,42.77,"4,801,200"
"Oct 5, 2021",42.8,43.29,41.67,43.04,43.04,"5,263,600"
"Oct 4, 2021",43.99,44.24,42.69,42.84,42.84,"4,782,800"
"Oct 1, 2021",44.85,44.87,43.06,44.23,44.23,"6,204,400"
"Sep 30, 2021",43.75,46.36,41.7,43.87,43.87,"12,682,800"
"Sep 29, 2021",45.02,46.12,43.65,43.98,43.98,"7,599,600"
"Sep 28, 2021",47,47.7,44.5,44.65,44.65,"7,082,000"
"Sep 27, 2021",46.48,48.01,46.47,47.37,47.37,"5,880,400"
"Sep 24, 2021",47.75,47.93,46.03,46.29,46.29,"6,743,200"
"Sep 23, 2021",48.08,48.94,47.65,47.81,47.81,"6,729,200"
"Sep 22, 2021",47.41,48.38,46.57,47.53,47.53,"9,026,400"
"Sep 21, 2021",49.84,49.84,46.5,47.49,47.49,"10,535,200"
"Sep 20, 2021",50,50.71,46.14,48.05,48.05,"15,767,200"
"Sep 17, 2021",52.01,53.12,50.19,51.24,51.24,"15,783,600"
"Sep 16, 2021",50.58,54.14,50.29,51.59,51.59,"12,232,800"
"Sep 15, 2021",49.25,51.22,48.44,51.13,51.13,"9,241,600"
"Sep 14, 2021",50.16,51.15,48.75,49.81,49.81,"8,566,400"
"Sep 13, 2021",48.44,52.22,47.88,50.85,50.85,"17,336,400"
"Sep 10, 2021",49.6,50.54,47.5,47.6,47.6,"12,170,400"
"Sep 9, 2021",45.02,50.5,44.5,49.79,49.79,"30,046,000"
"Sep 8, 2021",50.47,51.72,47.67,49.7,49.7,"20,694,400"
"Sep 7, 2021",51.56,52.47,49.03,49.75,49.75,"9,985,200"
"Sep 3, 2021",53.01,54.07,49.71,50.69,50.69,"10,634,400"
"Sep 2, 2021",53.47,53.7,51.58,53.38,53.38,"7,408,000"
"Sep 1, 2021",56,57.86,52.01,53.24,53.24,"17,815,200"
"Aug 31, 2021",53.17,55.58,52.87,54.56,54.56,"14,298,800"
"Aug 30, 2021",51.25,54.55,50.76,52.3,52.3,"13,238,400"
"Aug 27, 2021",51.92,53.25,50.01,51.24,51.24,"12,923,200"
"Aug 26, 2021",50.17,54.25,49.75,51.31,51.31,"24,954,400"
"Aug 25, 2021",51.66,56.75,48.25,49.91,49.91,"51,444,400"
"Aug 24, 2021",41.57,56.25,41.29,52.57,52.57,"58,608,800"
"Aug 23, 2021",40.6,41.82,39.89,41.22,41.22,"5,372,000"
"Aug 20, 2021",38.45,40.02,38.31,39.83,39.83,"4,619,600"
"Aug 19, 2021",39.19,39.5,37.69,38.22,38.22,"4,786,000"
"Aug 18, 2021",40.81,41.4,39.19,39.26,39.26,"5,647,200"
"Aug 17, 2021",40.3,42.37,40.28,40.89,40.89,"4,863,600"
"Aug 16, 2021",40.25,42.47,39.79,40.98,40.98,"6,290,400"
"Aug 13, 2021",40.12,40.89,39.35,40.63,40.63,"4,059,200"
"Aug 12, 2021",39.97,41.07,39.33,40.59,40.59,"5,271,200"
"Aug 11, 2021",39.61,39.76,38.65,39.69,39.69,"3,781,600"
"Aug 10, 2021",40.34,41.72,38.84,39.76,39.76,"6,493,200"
"Aug 9, 2021",37.95,41.18,37.67,40.28,40.28,"8,996,800"
"Aug 6, 2021",38.65,39.13,37.58,37.94,37.94,"5,410,800"
"Aug 5, 2021",37,39.4,36.31,38.36,38.36,"9,648,400"
"Aug 4, 2021",38.18,39.45,36.42,36.7,36.7,"9,574,000"
"Aug 3, 2021",39.19,39.72,37.05,38.19,38.19,"57,802,400"
"Aug 2, 2021",40.5,40.9,38.76,39.41,39.41,"10,131,600"
"Jul 30, 2021",41.25,41.81,39.72,40.28,40.28,"9,508,400"
"Jul 29, 2021",42.65,43.47,41.13,41.22,41.22,"8,960,000"
"Jul 28, 2021",43.93,44.28,41.07,42.28,42.28,"16,403,200"
"Jul 27, 2021",45.75,46.25,44.17,44.63,44.63,"4,859,200"
"Jul 26, 2021",45.09,46.51,44.69,45.99,45.99,"5,042,400"
"Jul 23, 2021",45.25,45.4,43.46,45.09,45.09,"5,264,800"
"Jul 22, 2021",46.33,46.92,44.04,44.71,44.71,"5,652,000"
"Jul 21, 2021",46.95,48.88,45.53,46.45,46.45,"8,916,800"
"Jul 20, 2021",43.47,48.41,43.1,47.79,47.79,"12,404,400"
"Jul 19, 2021",40.83,44,40.31,43.37,43.37,"9,747,600"
"Jul 16, 2021",42.54,44.87,41.58,42.26,42.26,"13,151,600"
"Jul 15, 2021",40,43,39.5,41.71,41.71,"17,194,400"
"Jul 14, 2021",45.12,45.6,41.27,41.9,41.9,"15,655,200"
"Jul 13, 2021",46.92,47.2,44.75,45.01,45.01,"9,591,600"
"Jul 12, 2021",47.85,49.44,46.85,47.31,47.31,"6,545,200"
"Jul 9, 2021",47.72,48.69,46.69,47.81,47.81,"6,331,600"
"Jul 8, 2021",44.96,48.56,44.88,47.85,47.85,"11,430,000"
"Jul 7, 2021",49,49.38,44.39,47.67,47.67,"16,958,000"
"Jul 6, 2021",51,51.19,48.43,49.89,49.89,"11,072,400"
"Jul 2, 2021",51.2,51.36,49.13,50.71,50.71,"10,396,400"
"Jul 1, 2021",53.35,54.21,50.5,51.09,51.09,"10,968,400"
"Jun 30, 2021",52.42,53.82,51.74,53.53,53.53,"10,158,400"
"Jun 29, 2021",53.4,53.81,52,52.72,52.72,"9,920,000"
"Jun 28, 2021",52.81,56.11,52.55,53.31,53.31,"19,517,600"
"Jun 25, 2021",53.5,53.55,49.63,52.38,52.38,"50,770,800"
"Jun 24, 2021",55.29,56.86,52.9,53.08,53.08,"15,453,200"
"Jun 23, 2021",55.36,55.64,53.53,54.83,54.83,"14,220,400"
"Jun 22, 2021",54.43,56.47,52.29,55.1,55.1,"32,800,800"
"Jun 21, 2021",54.24,54.6,49.25,50.09,50.09,"20,480,800"
"Jun 18, 2021",55.04,55.87,53.25,53.46,53.46,"17,281,200"
"Jun 17, 2021",56,58.42,55.37,55.9,55.9,"18,434,400"
"Jun 16, 2021",53.81,57.18,52.25,55.74,55.74,"22,259,200"
"Jun 15, 2021",56.59,57.31,52,55.63,55.63,"29,207,600"
"Jun 14, 2021",59.13,59.5,54.8,57.36,57.36,"28,530,400"
"Jun 11, 2021",55.59,60.28,51.53,58.33,58.33,"62,323,200"
"Jun 10, 2021",70.5,72,52.75,55.1,55.1,"91,920,800"
"Jun 9, 2021",75.78,82,72.88,75.64,75.64,"53,717,200"
"Jun 8, 2021",73,86.17,70.25,75,75,"69,756,400"
"Jun 7, 2021",64.5,70.5,63.8,70,70,"24,206,000"
"Jun 4, 2021",64,66.25,61.44,62.09,62.09,"14,550,000"
"Jun 3, 2021",66.43,68.61,60.53,64.54,64.54,"32,000,000"
"Jun 2, 2021",62.22,73.5,61.08,70.56,70.56,"64,076,800"
"Jun 1, 2021",58.37,63.74,56.77,62.26,62.26,"38,502,400"
"May 28, 2021",65.74,67.2,55.36,55.5,55.5,"47,005,600"
"May 27, 2021",57.45,66,56.75,63.53,63.53,"62,105,200"
"May 26, 2021",57.25,62.12,56.39,60.64,60.64,"84,479,600"
"May 25, 2021",45.25,54.28,45.25,52.36,52.36,"59,550,000"
"May 24, 2021",43.96,47.12,43.34,45,45,"18,657,200"
"May 21, 2021",42.75,44.81,42.58,44.2,44.2,"14,618,800"
"May 20, 2021",42.7,43.73,41.72,42.62,42.62,"9,912,800"
"May 19, 2021",43,44.74,41.04,42.21,42.21,"19,303,600"
"May 18, 2021",43.63,47.3,42.07,45.17,45.17,"30,954,800"
"May 17, 2021",39.96,45.63,39.75,45.15,45.15,"29,848,400"
"May 14, 2021",40,41.62,39.06,39.98,39.98,"17,174,000"
"May 13, 2021",36.86,42.49,36.61,41.13,41.13,"35,494,000"
"May 12, 2021",36.42,37.63,35.56,36.2,36.2,"10,926,000"
"May 11, 2021",34.25,37.63,34.13,36.73,36.73,"18,738,400"
"May 10, 2021",40.33,40.4,35.75,35.81,35.81,"19,226,800"
"May 7, 2021",40.03,41.85,39.38,40.28,40.28,"11,738,400"
"May 6, 2021",40.22,41.18,38.9,40.25,40.25,"11,771,200"
"May 5, 2021",40.46,41.38,39.58,39.87,39.87,"11,221,600"
"May 4, 2021",39.75,40.37,37.95,40.18,40.18,"16,030,000"
"May 3, 2021",44.37,44.37,39.9,40.55,40.55,"21,044,000"
"Apr 30, 2021",43.75,45.95,43.17,43.4,43.4,"17,734,400"
"Apr 29, 2021",44.14,45.22,42.69,44.05,44.05,"15,041,200"
"Apr 28, 2021",43.03,45.49,41.51,44.65,44.65,"23,155,600"
"Apr 27, 2021",45.89,47,43.29,44.44,44.44,"35,730,800"
"Apr 26, 2021",37.74,43.67,37.19,42.23,42.23,"42,128,400"
"Apr 23, 2021",37.25,38.42,36.17,37.79,37.79,"16,116,400"
"Apr 22, 2021",39.78,39.78,36.72,37.79,37.79,"17,383,200"
"Apr 21, 2021",39.6,40.74,38.98,39.63,39.63,"15,251,200"
"Apr 20, 2021",41.03,41.22,38.34,39.63,39.63,"18,634,400"
"Apr 19, 2021",42.95,43.8,40.58,41.09,41.09,"42,080,800"
"Apr 16, 2021",39,40.05,37.81,38.67,38.67,"20,858,800"
"Apr 15, 2021",40.75,41.56,38.2,39.11,39.11,"31,427,200"
"Apr 14, 2021",35.89,43.52,35.75,41.63,41.63,"84,552,400"
"Apr 13, 2021",35.47,36.35,33,35.25,35.25,"27,227,600"
"Apr 12, 2021",39.53,40.97,33.75,35.27,35.27,"66,734,400"
"Apr 9, 2021",42.42,42.9,38.25,39.59,39.59,"37,849,600"
"Apr 8, 2021",46.47,46.47,41.08,42.56,42.56,"40,189,600"
"Apr 7, 2021",45.81,46.13,44.03,44.49,44.49,"19,073,200"
"Apr 6, 2021",46.3,48,45.89,46.13,46.13,"24,873,200"
"Apr 5, 2021",42.75,48.75,41.2,46.74,46.74,"56,282,000"
"Apr 1, 2021",48.34,49.24,45.9,47.86,47.86,"37,337,200"
"Mar 31, 2021",49.38,49.87,46.78,47.46,47.46,"33,575,200"
"Mar 30, 2021",46.88,51.08,45.5,48.62,48.62,"68,379,600"
"Mar 29, 2021",45.19,48.48,43.38,45.33,45.33,"40,168,800"
"Mar 26, 2021",49.42,54.73,40.81,45.25,45.25,"149,722,800"
"Mar 25, 2021",30.87,46.88,29.23,45.94,45.94,"203,849,200"
"Mar 24, 2021",39.49,41.74,29.66,30.08,30.08,"96,711,600"
"Mar 23, 2021",49.38,50.44,44.39,45.44,45.44,"57,716,400"
"Mar 22, 2021",51.31,52.59,46.55,48.62,48.62,"40,246,000"
"Mar 19, 2021",48.93,56.75,45.67,50.07,50.07,"98,709,200"
"Mar 18, 2021",53.5,54.72,48.91,50.44,50.44,"47,059,600"
"Mar 17, 2021",54.46,57.87,51,52.45,52.45,"65,926,400"
"Mar 16, 2021",50.79,55.17,43.09,52.04,52.04,"141,691,600"
"Mar 15, 2021",69.38,70.75,51.5,55.03,55.03,"96,401,600"
"Mar 12, 2021",68.75,73.88,65.57,66.13,66.13,"103,383,600"
"Mar 11, 2021",60.41,70.38,58.15,65,65,"113,250,000"
"Mar 10, 2021",67.36,87.13,43,66.25,66.25,"286,282,400"
"Mar 9, 2021",54.43,62.46,52.13,61.72,61.72,"156,397,200"
"Mar 8, 2021",38.72,52.72,36.53,48.63,48.63,"254,262,400"
"Mar 5, 2021",32.04,37.88,31.88,34.44,34.44,"122,934,800"
"Mar 4, 2021",31.25,36.97,28.83,33.09,33.09,"130,427,600"
"Mar 3, 2021",30.63,31.94,28.28,31.05,31.05,"77,095,600"
"Mar 2, 2021",29.23,33.3,28.05,29.55,29.55,"135,132,000"
"Mar 1, 2021",26.14,33.5,24.99,30.1,30.1,"199,176,000"
"Feb 26, 2021",29.36,35.72,21.5,25.43,25.43,"368,776,800"
"Feb 25, 2021",42.39,46.17,25.25,27.18,27.18,"601,235,200"
"Feb 24, 2021",11.18,22.93,11.18,22.93,22.93,"332,446,800"
"Feb 23, 2021",11.24,11.56,10,11.24,11.24,"30,260,800"
"Feb 22, 2021",11.67,12.13,10.6,11.5,11.5,"77,904,000"
"Feb 19, 2021",10.32,10.97,9.63,10.15,10.15,"59,312,800"
"Feb 18, 2021",12.12,12.22,10.16,10.17,10.17,"95,962,400"
"Feb 17, 2021",12.44,12.8,11.14,11.48,11.48,"36,747,200"
"Feb 16, 2021",13.16,13.38,12.26,12.38,12.38,"32,700,000"
"Feb 12, 2021",12.69,13.81,12.01,13.1,13.1,"58,293,200"
"Feb 11, 2021",12.5,13.83,12.06,12.77,12.77,"52,226,800"
"Feb 10, 2021",12.69,15.71,11.64,12.8,12.8,"145,820,000"
"Feb 9, 2021",14.15,14.25,11.63,12.58,12.58,"107,372,400"
"Feb 8, 2021",18.1,18.17,14.51,15,15,"102,749,200"
"Feb 5, 2021",13.51,23.75,12.77,15.94,15.94,"325,380,000"
"Feb 4, 2021",22.8,22.88,13.33,13.38,13.38,"249,709,200"
"Feb 3, 2021",28,28.35,21.31,23.1,23.1,"170,794,000"
"Feb 2, 2021",35.19,39.5,18.56,22.5,22.5,"312,732,400"
"Feb 1, 2021",79.14,80.5,53,56.25,56.25,"149,528,800"
"Jan 29, 2021",94.93,103.5,62.5,81.25,81.25,"202,264,400"
"Jan 28, 2021",66.25,120.75,28.06,48.4,48.4,"235,263,200"
"Jan 27, 2021",88.71,95,62.25,86.88,86.88,"373,586,800"
"Jan 26, 2021",22.14,37.5,20.05,36.99,36.99,"714,352,000"
"Jan 25, 2021",24.18,39.79,15.28,19.2,19.2,"711,496,000"
"Jan 22, 2021",10.65,19.19,10.58,16.25,16.25,"788,631,600"
"Jan 21, 2021",9.81,11.19,9.25,10.76,10.76,"224,867,600"
"Jan 20, 2021",9.34,10.3,9.02,9.78,9.78,"133,887,200"
"Jan 19, 2021",10.39,11.38,9.16,9.84,9.84,"298,887,600"
"Jan 15, 2021",9.62,10.19,8.5,8.88,8.88,"187,465,600"
"Jan 14, 2021",9.52,10.77,8.26,9.98,9.98,"374,869,600"
"Jan 13, 2021",5.11,9.66,5.01,7.85,7.85,"578,006,800"
"Jan 12, 2021",4.99,5.1,4.83,4.99,4.99,"28,242,800"
"Jan 11, 2021",4.85,5.16,4.75,4.99,4.99,"59,632,000"
"Jan 8, 2021",4.55,4.57,4.27,4.42,4.42,"25,928,000"
"Jan 7, 2021",4.62,4.86,4.51,4.52,4.52,"24,517,200"
"Jan 6, 2021",4.34,4.74,4.33,4.59,4.59,"24,224,800"
"Jan 5, 2021",4.34,4.52,4.31,4.34,4.34,"19,846,000"
"Jan 4, 2021",4.75,4.78,4.29,4.31,4.31,"40,090,000"
"Dec 31, 2020",4.81,4.95,4.7,4.71,4.71,"27,690,800"
"Dec 30, 2020",4.84,5,4.71,4.82,4.82,"23,737,600"
"Dec 29, 2020",5.2,5.27,4.64,4.84,4.84,"36,965,600"
"Dec 28, 2020",5.33,5.49,5.09,5.25,5.25,"35,863,600"
"Dec 24, 2020",5.25,5.37,4.99,5.04,5.04,"25,048,800"
"Dec 23, 2020",5.04,5.59,4.78,5.14,5.14,"103,321,200"
"Dec 22, 2020",4.05,5.01,4.04,4.86,4.86,"122,610,800"
"Dec 21, 2020",3.95,4.09,3.82,3.88,3.88,"39,504,400"
"Dec 18, 2020",3.94,4.07,3.8,3.91,3.91,"66,475,200"
"Dec 17, 2020",3.49,3.74,3.4,3.71,3.71,"32,779,600"
"Dec 16, 2020",3.49,3.58,3.39,3.46,3.46,"23,460,400"
"Dec 15, 2020",3.19,3.51,3.12,3.46,3.46,"32,759,200"
"Dec 14, 2020",3.34,3.36,3.04,3.18,3.18,"40,028,400"
"Dec 11, 2020",3.48,3.5,3.26,3.33,3.33,"29,987,600"
"Dec 10, 2020",3.28,3.6,3.26,3.53,3.53,"30,235,600"
"Dec 9, 2020",3.48,3.68,3.31,3.41,3.41,"97,431,600"
"Dec 8, 2020",4.09,4.3,3.98,4.24,4.24,"64,480,800"
"Dec 7, 2020",4.25,4.38,4.05,4.09,4.09,"29,545,200"
"Dec 4, 2020",4.07,4.32,4.07,4.22,4.22,"35,890,800"
"Dec 3, 2020",4.12,4.16,3.97,4.03,4.03,"25,180,000"
"Dec 2, 2020",3.92,4.17,3.85,4.14,4.14,"31,533,600"
"Dec 1, 2020",4.28,4.35,3.94,3.95,3.95,"50,615,600"
"Nov 30, 2020",4.54,4.86,4.14,4.14,4.14,"127,934,000"
"Nov 27, 2020",3.82,4.18,3.72,4.02,4.02,"50,016,800"
"Nov 25, 2020",3.4,3.81,3.36,3.69,3.69,"35,440,400"
"Nov 24, 2020",3.56,3.57,3.33,3.42,3.42,"28,732,800"
"Nov 23, 2020",3.22,3.53,3.17,3.47,3.47,"38,396,400"
"Nov 20, 2020",3.14,3.37,3.13,3.18,3.18,"33,581,600"
"Nov 19, 2020",2.9,3.2,2.86,3.12,3.12,"47,150,400"
"Nov 18, 2020",2.95,3.01,2.89,2.89,2.89,"12,676,800"
"Nov 17, 2020",2.91,2.98,2.81,2.91,2.91,"26,712,800"
"Nov 16, 2020",2.79,3.16,2.68,3.02,3.02,"39,099,200"
"Nov 13, 2020",2.84,2.89,2.75,2.75,2.75,"14,143,600"
"Nov 12, 2020",2.93,2.97,2.74,2.78,2.78,"17,413,200"
"Nov 11, 2020",2.88,2.99,2.8,2.94,2.94,"19,530,400"
"Nov 10, 2020",2.88,2.91,2.71,2.78,2.78,"15,304,000"
"Nov 9, 2020",3.19,3.23,2.81,2.87,2.87,"24,979,600"
"Nov 6, 2020",2.88,3.04,2.83,2.96,2.96,"22,072,800"
"Nov 5, 2020",2.82,2.96,2.77,2.86,2.86,"18,820,800"
"Nov 4, 2020",2.94,2.94,2.65,2.73,2.73,"23,231,600"
"Nov 3, 2020",2.69,2.96,2.66,2.89,2.89,"29,818,000"
"Nov 2, 2020",2.7,2.77,2.63,2.69,2.69,"20,908,000"
"Oct 30, 2020",2.91,2.91,2.59,2.62,2.62,"46,187,600"
"Oct 29, 2020",2.97,3.06,2.92,2.93,2.93,"16,663,200"
"Oct 28, 2020",3.07,3.26,2.94,2.95,2.95,"25,554,400"
"Oct 27, 2020",3.43,3.43,3.09,3.17,3.17,"28,924,000"
"Oct 26, 2020",3.73,3.86,3.32,3.36,3.36,"53,505,200"
"Oct 23, 2020",3.76,3.85,3.64,3.75,3.75,"26,029,200"
"Oct 22, 2020",3.55,3.97,3.55,3.73,3.73,"64,848,800"
"Oct 21, 2020",3.47,3.61,3.45,3.53,3.53,"21,447,600"
"Oct 20, 2020",3.51,3.54,3.42,3.46,3.46,"26,416,000"
"Oct 19, 2020",3.36,3.63,3.35,3.48,3.48,"52,676,400"
"Oct 16, 2020",3.44,3.47,3.27,3.33,3.33,"46,606,400"
"Oct 15, 2020",3,3.78,3,3.46,3.46,"159,579,200"
"Oct 14, 2020",3.17,3.17,3.01,3.06,3.06,"43,045,600"
"Oct 13, 2020",2.93,3.11,2.91,2.97,2.97,"40,718,800"
"Oct 12, 2020",2.91,3.19,2.85,2.95,2.95,"94,622,800"
"Oct 9, 2020",3.21,3.7,2.97,3.01,3.01,"308,611,200"
"Oct 8, 2020",2.38,3.41,2.3,3.37,3.37,"305,814,400"
"Oct 7, 2020",2.31,2.39,2.29,2.34,2.34,"13,234,400"
"Oct 6, 2020",2.39,2.46,2.28,2.28,2.28,"18,141,600"
"Oct 5, 2020",2.36,2.4,2.31,2.37,2.37,"11,220,000"
"Oct 2, 2020",2.35,2.44,2.33,2.35,2.35,"17,362,000"
"Oct 1, 2020",2.52,2.56,2.42,2.44,2.44,"18,216,400"
"Sep 30, 2020",2.56,2.69,2.52,2.55,2.55,"24,316,000"
"Sep 29, 2020",2.5,2.66,2.48,2.59,2.59,"20,950,400"
"Sep 28, 2020",2.54,2.57,2.39,2.52,2.52,"27,057,200"
"Sep 25, 2020",2.3,2.55,2.28,2.51,2.51,"30,060,800"
"Sep 24, 2020",2.43,2.45,2.25,2.29,2.29,"31,755,200"
"Sep 23, 2020",2.65,2.71,2.48,2.51,2.51,"42,604,800"
"Sep 22, 2020",2.61,2.79,2.47,2.64,2.64,"139,010,000"
"Sep 21, 2020",2.34,2.4,2.1,2.19,2.19,"30,559,200"
"Sep 18, 2020",2.3,2.44,2.23,2.37,2.37,"69,630,000"
"Sep 17, 2020",2.14,2.44,2.1,2.3,2.3,"68,106,800"
"Sep 16, 2020",1.76,2.26,1.76,2.17,2.17,"77,025,200"
"Sep 15, 2020",1.72,1.82,1.67,1.77,1.77,"22,974,000"
"Sep 14, 2020",1.7,1.75,1.61,1.73,1.73,"40,476,000"
"Sep 11, 2020",1.57,1.58,1.47,1.52,1.52,"24,244,800"
"Sep 10, 2020",1.66,1.74,1.55,1.56,1.56,"62,233,200"
"Sep 9, 2020",1.99,2,1.83,1.84,1.84,"36,272,400"
"Sep 8, 2020",1.89,2.07,1.87,1.92,1.92,"39,266,400"
"Sep 4, 2020",1.95,1.98,1.79,1.91,1.91,"30,648,000"
"Sep 3, 2020",1.97,2.11,1.81,1.96,1.96,"57,378,000"
"Sep 2, 2020",1.95,2.01,1.78,1.93,1.93,"52,044,400"
"Sep 1, 2020",1.83,1.96,1.69,1.91,1.91,"92,634,400"
"Aug 31, 2020",1.44,1.79,1.42,1.67,1.67,"151,904,000"
"Aug 28, 2020",1.33,1.39,1.3,1.35,1.35,"16,947,600"
"Aug 27, 2020",1.28,1.35,1.25,1.31,1.31,"13,537,600"
"Aug 26, 2020",1.24,1.3,1.23,1.28,1.28,"11,118,800"
"Aug 25, 2020",1.22,1.31,1.22,1.25,1.25,"11,994,800"
"Aug 24, 2020",1.27,1.28,1.14,1.22,1.22,"18,341,600"
"Aug 21, 2020",1.15,1.4,1.15,1.26,1.26,"42,570,400"
"Aug 20, 2020",1.15,1.17,1.13,1.15,1.15,"9,764,800"
"Aug 19, 2020",1.2,1.21,1.16,1.18,1.18,"10,450,400"
"Aug 18, 2020",1.15,1.22,1.11,1.2,1.2,"15,337,600"
"Aug 17, 2020",1.2,1.2,1.14,1.16,1.16,"9,484,000"
"Aug 14, 2020",1.15,1.21,1.14,1.19,1.19,"13,897,600"
"Aug 13, 2020",1.13,1.18,1.13,1.16,1.16,"8,513,200"
"Aug 12, 2020",1.1,1.16,1.09,1.13,1.13,"12,230,400"
"Aug 11, 2020",1.11,1.14,1.09,1.09,1.09,"12,555,200"
"Aug 10, 2020",1.05,1.14,1.04,1.08,1.08,"18,247,200"
"Aug 7, 2020",1.1,1.1,1.01,1.04,1.04,"13,364,400"
"Aug 6, 2020",1.15,1.16,1.1,1.11,1.11,"7,604,800"
"Aug 5, 2020",1.13,1.19,1.06,1.16,1.16,"19,677,200"
"Aug 4, 2020",1.03,1.18,1.03,1.11,1.11,"41,445,600"
"Aug 3, 2020",1.01,1.06,1,1.04,1.04,"10,070,400"
"Jul 31, 2020",1.01,1.04,1,1,1,"7,517,600"
"Jul 30, 2020",1,1.06,0.99,1.02,1.02,"9,594,000"
"Jul 29, 2020",0.99,1.04,0.98,1.01,1.01,"11,518,400"
"Jul 28, 2020",0.99,1.01,0.98,0.99,0.99,"18,221,600"
"Jul 27, 2020",1,1.03,0.99,1,1,"9,890,800"
"Jul 24, 2020",1.01,1.06,1,1.01,1.01,"8,863,600"
"Jul 23, 2020",1.02,1.08,1.01,1.03,1.03,"12,948,800"
"Jul 22, 2020",1,1.03,0.98,1.03,1.03,"10,094,000"
"Jul 21, 2020",0.98,1.02,0.97,1,1,"13,351,600"
"Jul 20, 2020",0.99,1.01,0.94,0.96,0.96,"13,604,400"
"Jul 17, 2020",1.04,1.06,0.99,0.99,0.99,"12,263,600"
"Jul 16, 2020",1.05,1.05,1.02,1.04,1.04,"5,320,400"
"Jul 15, 2020",1.03,1.07,1.03,1.05,1.05,"5,896,400"
"Jul 14, 2020",1.05,1.08,1.02,1.02,1.02,"9,046,400"
"Jul 13, 2020",1.09,1.14,1.07,1.07,1.07,"16,864,800"
"Jul 10, 2020",1.05,1.1,1.04,1.09,1.09,"5,643,200"
"Jul 9, 2020",1.07,1.08,1.03,1.05,1.05,"7,970,400"
"Jul 8, 2020",1.02,1.07,1.01,1.07,1.07,"8,211,200"
"Jul 7, 2020",1.05,1.06,1.01,1.02,1.02,"9,826,400"
"Jul 6, 2020",1.08,1.09,1.05,1.06,1.06,"8,563,600"
"Jul 2, 2020",1.12,1.13,1.07,1.07,1.07,"7,550,400"
"Jul 1, 2020",1.08,1.13,1.08,1.11,1.11,"9,214,800"
"Jun 30, 2020",1.08,1.13,1.05,1.09,1.09,"15,556,000"
"Jun 29, 2020",1.09,1.13,1.08,1.1,1.1,"8,524,800"
"Jun 26, 2020",1.12,1.13,1.07,1.09,1.09,"15,204,800"
"Jun 25, 2020",1.08,1.13,1.08,1.12,1.12,"9,803,200"
"Jun 24, 2020",1.21,1.21,1.1,1.1,1.1,"11,904,800"
"Jun 23, 2020",1.24,1.25,1.2,1.21,1.21,"12,821,600"
"Jun 22, 2020",1.2,1.24,1.18,1.22,1.22,"12,715,600"
"Jun 19, 2020",1.24,1.27,1.17,1.22,1.22,"29,466,400"
"Jun 18, 2020",1.17,1.24,1.16,1.24,1.24,"13,695,200"
"Jun 17, 2020",1.13,1.21,1.13,1.19,1.19,"14,374,000"
"Jun 16, 2020",1.24,1.24,1.13,1.16,1.16,"12,485,200"
"Jun 15, 2020",1.13,1.19,1.11,1.17,1.17,"15,636,000"
"Jun 12, 2020",1.15,1.2,1.1,1.18,1.18,"17,512,800"
"Jun 11, 2020",1.16,1.23,1.04,1.09,1.09,"24,944,000"
"Jun 10, 2020",1.2,1.38,1.17,1.27,1.27,"42,425,600"
"Jun 9, 2020",1.25,1.25,1.14,1.24,1.24,"32,293,600"
"Jun 8, 2020",1.07,1.28,1.07,1.25,1.25,"40,534,800"
"Jun 5, 2020",1.07,1.1,1.02,1.03,1.03,"25,097,600"
"Jun 4, 2020",1.11,1.18,1.09,1.12,1.12,"14,057,200"
"Jun 3, 2020",1.06,1.13,1.05,1.11,1.11,"12,149,600"
"Jun 2, 2020",1.07,1.08,1.01,1.04,1.04,"9,477,600"
"Jun 1, 2020",1.03,1.09,1,1.03,1.03,"10,446,400"
"May 29, 2020",1.08,1.11,1.01,1.01,1.01,"15,846,800"
"May 28, 2020",1.19,1.19,1.08,1.08,1.08,"8,735,600"
"May 27, 2020",1.14,1.18,1.09,1.17,1.17,"12,586,400"
"May 26, 2020",1.09,1.15,1.08,1.11,1.11,"14,182,800"
"May 22, 2020",1.12,1.12,1.03,1.04,1.04,"9,519,600"
"May 21, 2020",1.11,1.16,1.1,1.11,1.11,"7,887,600"
"May 20, 2020",1.13,1.17,1.09,1.11,1.11,"10,174,400"
"May 19, 2020",1.14,1.19,1.09,1.11,1.11,"7,362,800"
"May 18, 2020",1.1,1.16,1.09,1.14,1.14,"9,456,800"
"May 15, 2020",1.01,1.11,1.01,1.05,1.05,"7,762,400"
"May 14, 2020",1.04,1.05,0.99,1.03,1.03,"8,019,600"
"May 13, 2020",1.13,1.13,1.02,1.05,1.05,"11,531,600"
"May 12, 2020",1.2,1.23,1.12,1.13,1.13,"10,556,800"
"May 11, 2020",1.23,1.24,1.19,1.19,1.19,"6,796,800"
"May 8, 2020",1.22,1.3,1.21,1.25,1.25,"9,410,400"
"May 7, 2020",1.21,1.23,1.16,1.22,1.22,"10,003,200"
"May 6, 2020",1.35,1.35,1.23,1.23,1.23,"13,478,400"
"May 5, 2020",1.39,1.41,1.34,1.35,1.35,"8,423,600"
"May 4, 2020",1.46,1.48,1.35,1.37,1.37,"16,272,400"
"May 1, 2020",1.41,1.54,1.36,1.51,1.51,"16,022,400"
"Apr 30, 2020",1.47,1.5,1.41,1.43,1.43,"8,693,200"
"Apr 29, 2020",1.46,1.52,1.36,1.51,1.51,"13,478,400"
"Apr 28, 2020",1.48,1.51,1.26,1.41,1.41,"20,800,800"
"Apr 27, 2020",1.21,1.5,1.2,1.46,1.46,"29,100,400"
"Apr 24, 2020",1.2,1.21,1.16,1.19,1.19,"8,944,800"
"Apr 23, 2020",1.19,1.22,1.14,1.17,1.17,"9,063,600"
"Apr 22, 2020",1.28,1.29,1.21,1.22,1.22,"10,711,200"
"Apr 21, 2020",1.31,1.33,1.19,1.2,1.2,"16,568,400"
"Apr 20, 2020",1.21,1.48,1.2,1.4,1.4,"24,340,000"
"Apr 17, 2020",1.3,1.32,1.11,1.22,1.22,"22,612,800"
"Apr 16, 2020",1.28,1.36,1.22,1.26,1.26,"13,487,600"
"Apr 15, 2020",1.41,1.42,1.23,1.32,1.32,"29,999,600"
"Apr 14, 2020",1.3,1.62,1.28,1.49,1.49,"54,026,400"
"Apr 13, 2020",1.06,1.19,1.04,1.18,1.18,"27,378,000"
"Apr 9, 2020",0.9,1.06,0.87,0.97,0.97,"23,634,400"
"Apr 8, 2020",0.81,0.92,0.8,0.85,0.85,"11,538,000"
"Apr 7, 2020",0.85,0.86,0.77,0.82,0.82,"11,347,600"
"Apr 6, 2020",0.71,0.8,0.71,0.77,0.77,"13,362,000"
"Apr 3, 2020",0.71,0.74,0.64,0.7,0.7,"15,321,600"
"Apr 2, 2020",0.81,0.84,0.71,0.71,0.71,"16,257,200"
"Apr 1, 2020",0.86,0.87,0.78,0.81,0.81,"18,274,800"
"Mar 31, 2020",0.91,0.95,0.88,0.88,0.88,"9,203,600"
"Mar 30, 2020",1.05,1.07,0.91,0.91,0.91,"13,402,400"
"Mar 27, 2020",1.24,1.27,1.04,1.05,1.05,"28,099,200"
"Mar 26, 2020",1.06,1.18,1.06,1.1,1.1,"24,742,800"
"Mar 25, 2020",1.04,1.12,1.01,1.04,1.04,"14,368,400"
"Mar 24, 2020",0.99,1.05,0.97,1.04,1.04,"27,222,400"
"Mar 23, 2020",0.89,0.96,0.88,0.95,0.95,"24,039,200"
"Mar 20, 2020",1.02,1.02,0.91,0.94,0.94,"30,888,800"
"Mar 19, 2020",0.93,1.05,0.89,1.05,1.05,"20,158,000"
"Mar 18, 2020",1.02,1.06,0.88,0.94,0.94,"14,606,800"
"Mar 17, 2020",1.1,1.16,1.03,1.06,1.06,"14,248,800"
"Mar 16, 2020",0.98,1.14,0.98,1.09,1.09,"19,466,800"
"Mar 13, 2020",1.03,1.16,0.96,1.15,1.15,"23,148,800"
"Mar 12, 2020",0.93,1.01,0.87,1,1,"20,493,600"
"Mar 11, 2020",1.03,1.06,1,1.03,1.03,"17,656,400"
"Mar 10, 2020",0.99,1.07,0.95,1.06,1.06,"19,452,800"
"Mar 9, 2020",0.9,0.99,0.88,0.93,0.93,"10,928,000"
"Mar 6, 2020",0.96,1.02,0.94,0.98,0.98,"8,387,200"
"Mar 5, 2020",0.93,1,0.9,0.99,0.99,"14,397,600"
"Mar 4, 2020",0.93,0.96,0.87,0.94,0.94,"17,030,400"
"Mar 3, 2020",0.97,0.97,0.88,0.91,0.91,"17,130,000"
"Mar 2, 2020",0.9,0.96,0.85,0.96,0.96,"12,833,600"
"Feb 28, 2020",0.83,0.93,0.83,0.9,0.9,"18,768,800"
"Feb 27, 2020",0.81,0.91,0.8,0.87,0.87,"15,518,000"
"Feb 26, 2020",0.89,0.9,0.84,0.85,0.85,"18,899,200"
"Feb 25, 2020",0.94,0.95,0.89,0.89,0.89,"17,791,600"
"Feb 24, 2020",0.98,0.98,0.93,0.93,0.93,"14,265,200"
"Feb 21, 2020",1.03,1.04,1,1.01,1.01,"6,782,800"
"Feb 20, 2020",1.04,1.08,1.03,1.03,1.03,"6,249,200"
"Feb 19, 2020",1.01,1.07,0.98,1.04,1.04,"10,372,400"
"Feb 18, 2020",1,1.02,0.99,1.01,1.01,"5,870,400"
"Feb 14, 2020",1.03,1.05,1,1,1,"6,330,800"
"Feb 13, 2020",1.03,1.07,1.02,1.03,1.03,"8,326,800"
"Feb 12, 2020",1.03,1.13,1.02,1.05,1.05,"19,282,400"
"Feb 11, 2020",1,1.06,0.99,1,1,"13,660,000"
"Feb 10, 2020",0.96,1.02,0.94,0.99,0.99,"11,108,000"
"Feb 7, 2020",1.03,1.03,0.94,0.95,0.95,"10,969,200"
"Feb 6, 2020",1.05,1.08,1.03,1.03,1.03,"6,041,200"
"Feb 5, 2020",1.04,1.1,1.03,1.04,1.04,"10,566,800"
"Feb 4, 2020",1.01,1.06,0.99,1.02,1.02,"14,252,400"
"Feb 3, 2020",0.97,1,0.96,0.99,0.99,"8,102,400"
"Jan 31, 2020",0.98,0.99,0.96,0.96,0.96,"11,566,800"
"Jan 30, 2020",1.02,1.03,0.97,0.98,0.98,"12,026,000"
"Jan 29, 2020",1.05,1.08,1.03,1.03,1.03,"6,210,400"
"Jan 28, 2020",1.08,1.08,1.04,1.05,1.05,"8,579,600"
"Jan 27, 2020",1.05,1.09,1.04,1.07,1.07,"8,490,000"
"Jan 24, 2020",1.16,1.16,1.06,1.08,1.08,"16,654,400"
"Jan 23, 2020",1.14,1.16,1.12,1.15,1.15,"7,520,800"
"Jan 22, 2020",1.14,1.16,1.12,1.14,1.14,"10,510,000"
"Jan 21, 2020",1.19,1.19,1.14,1.15,1.15,"14,128,400"
"Jan 17, 2020",1.14,1.19,1.13,1.19,1.19,"16,078,000"
"Jan 16, 2020",1.15,1.18,1.13,1.15,1.15,"17,148,400"
"Jan 15, 2020",1.16,1.18,1.14,1.15,1.15,"19,924,400"
"Jan 14, 2020",1.2,1.25,1.13,1.18,1.18,"50,247,600"
"Jan 13, 2020",1.36,1.4,1.33,1.36,1.36,"14,500,800"
"Jan 10, 2020",1.39,1.4,1.35,1.36,1.36,"11,125,600"
"Jan 9, 2020",1.46,1.46,1.37,1.39,1.39,"10,572,000"
"Jan 8, 2020",1.37,1.46,1.35,1.43,1.43,"22,517,600"
"Jan 7, 2020",1.44,1.46,1.36,1.38,1.38,"20,912,000"
"Jan 6, 2020",1.45,1.48,1.4,1.46,1.46,"13,579,200"
"Jan 3, 2020",1.55,1.56,1.46,1.47,1.47,"14,175,600"
"Jan 2, 2020",1.53,1.62,1.52,1.58,1.58,"17,814,400"