Effective Date,Rate Type,Rate (%),1st Percentile (%),25th Percentile (%),75th Percentile (%),99th Percentile (%),Volume ($Billions),Target Rate From (%),Target Rate To (%),Intra Day - Low (%),Intra Day - High (%),Standard Deviation (%),30-Day Average SOFR,90-Day Average SOFR,180-Day Average SOFR,SOFR Index,Revision Indicator (Y/N),Footnote ID
12/30/2022,SOFR,4.3,4.2,4.26,4.33,4.48,1004,,,,,,,,,,,
12/29/2022,SOFR,4.3,4.2,4.26,4.32,4.45,1037,,,,,,,,,,,
12/28/2022,SOFR,4.3,4.21,4.27,4.32,4.45,1005,,,,,,,,,,,
12/27/2022,SOFR,4.3,4.15,4.27,4.32,4.4,1048,,,,,,,,,,,
12/23/2022,SOFR,4.3,4.21,4.26,4.31,4.38,991,,,,,,,,,,,
12/22/2022,SOFR,4.3,4.2,4.26,4.31,4.44,1013,,,,,,,,,,,
12/21/2022,SOFR,4.3,4.2,4.26,4.3,4.44,1031,,,,,,,,,,,
12/20/2022,SOFR,4.3,4.2,4.27,4.32,4.44,1048,,,,,,,,,,,
12/19/2022,SOFR,4.3,4.22,4.28,4.34,4.42,1087,,,,,,,,,,,
12/16/2022,SOFR,4.32,4.23,4.3,4.36,4.45,1091,,,,,,,,,,,
12/15/2022,SOFR,4.32,4.2,4.3,4.37,4.45,1144,,,,,,,,,,,
12/14/2022,SOFR,3.8,3.72,3.77,3.84,3.92,1045,,,,,,,,,,,
12/13/2022,SOFR,3.8,3.72,3.77,3.83,3.92,1051,,,,,,,,,,,
12/12/2022,SOFR,3.8,3.72,3.77,3.83,3.91,1042,,,,,,,,,,,
12/09/2022,SOFR,3.8,3.71,3.77,3.83,3.91,1058,,,,,,,,,,,
12/08/2022,SOFR,3.8,3.72,3.77,3.81,3.91,1087,,,,,,,,,,,
12/07/2022,SOFR,3.8,3.72,3.76,3.81,3.91,1088,,,,,,,,,,,
12/06/2022,SOFR,3.8,3.72,3.78,3.84,3.93,1088,,,,,,,,,,,
12/05/2022,SOFR,3.81,3.72,3.79,3.85,3.94,1096,,,,,,,,,,,
12/02/2022,SOFR,3.81,3.72,3.8,3.86,3.94,1132,,,,,,,,,,,
12/01/2022,SOFR,3.82,3.73,3.8,3.86,3.92,1174,,,,,,,,,,,
11/30/2022,SOFR,3.82,3.71,3.8,3.87,3.94,1113,,,,,,,,,,,
11/29/2022,SOFR,3.81,3.72,3.78,3.85,3.95,1026,,,,,,,,,,,
11/28/2022,SOFR,3.8,3.71,3.77,3.84,3.9,1058,,,,,,,,,,,
11/25/2022,SOFR,3.8,3.71,3.77,3.82,3.93,1003,,,,,,,,,,,
11/23/2022,SOFR,3.79,3.7,3.76,3.81,3.95,984,,,,,,,,,,,
11/22/2022,SOFR,3.8,3.71,3.76,3.82,3.95,1038,,,,,,,,,,,
11/21/2022,SOFR,3.8,3.7,3.76,3.82,3.89,1015,,,,,,,,,,,
11/18/2022,SOFR,3.8,3.71,3.77,3.83,3.92,1037,,,,,,,,,,,
11/17/2022,SOFR,3.8,3.71,3.78,3.84,3.9,1075,,,,,,,,,,,
11/16/2022,SOFR,3.81,3.72,3.78,3.85,3.92,1096,,,,,,,,,,,
11/15/2022,SOFR,3.8,3.7,3.78,3.85,3.95,1149,,,,,,,,,,,
11/14/2022,SOFR,3.79,3.7,3.75,3.81,3.95,1041,,,,,,,,,,,
11/10/2022,SOFR,3.78,3.7,3.75,3.8,3.95,987,,,,,,,,,,,
11/09/2022,SOFR,3.78,3.7,3.75,3.8,3.95,969,,,,,,,,,,,
11/08/2022,SOFR,3.78,3.69,3.75,3.8,3.95,978,,,,,,,,,,,
11/07/2022,SOFR,3.78,3.7,3.75,3.81,3.95,981,,,,,,,,,,,
11/04/2022,SOFR,3.8,3.7,3.76,3.82,3.95,1014,,,,,,,,,,,
11/03/2022,SOFR,3.8,3.25,3.76,3.83,3.89,1074,,,,,,,,,,,
11/02/2022,SOFR,3.05,2.95,3.01,3.08,3.2,1021,,,,,,,,,,,
11/01/2022,SOFR,3.05,2.95,3.01,3.08,3.13,1079,,,,,,,,,,,
10/31/2022,SOFR,3.05,2.93,3.01,3.07,3.2,1075,,,,,,,,,,,
10/28/2022,SOFR,3.05,2.95,3,3.06,3.2,951,,,,,,,,,,,
10/27/2022,SOFR,3.04,2.94,3,3.06,3.2,973,,,,,,,,,,,
10/26/2022,SOFR,3.03,2.95,3,3.05,3.2,972,,,,,,,,,,,
10/25/2022,SOFR,3.02,2.93,3,3.05,3.2,961,,,,,,,,,,,
10/24/2022,SOFR,3.01,2.93,2.99,3.04,3.2,962,,,,,,,,,,,
10/21/2022,SOFR,3.02,2.93,2.99,3.04,3.2,955,,,,,,,,,,,
10/20/2022,SOFR,3.03,2.93,3,3.05,3.2,963,,,,,,,,,,,
10/19/2022,SOFR,3.04,2.94,3,3.05,3.2,919,,,,,,,,,,,
10/18/2022,SOFR,3.04,2.95,3,3.06,3.2,967,,,,,,,,,,,
10/17/2022,SOFR,3.05,2.95,3,3.06,3.2,979,,,,,,,,,,,
10/14/2022,SOFR,3.04,2.95,3,3.05,3.2,958,,,,,,,,,,,
10/13/2022,SOFR,3.04,2.95,3,3.06,3.2,1000,,,,,,,,,,,
10/12/2022,SOFR,3.04,2.95,3,3.06,3.2,972,,,,,,,,,,,
10/11/2022,SOFR,3.05,2.95,3,3.07,3.2,993,,,,,,,,,,,
10/07/2022,SOFR,3.05,2.95,3,3.06,3.2,968,,,,,,,,,,,
10/06/2022,SOFR,3.05,2.95,3,3.07,3.2,985,,,,,,,,,,,
10/05/2022,SOFR,3.04,2.95,3,3.06,3.2,992,,,,,,,,,,,
10/04/2022,SOFR,3.04,2.95,3,3.06,3.2,996,,,,,,,,,,,
10/03/2022,SOFR,3,2.93,2.97,3.05,3.2,1009,,,,,,,,,,,
09/30/2022,SOFR,2.98,2.88,2.95,3.03,3.2,956,,,,,,,,,,,
09/29/2022,SOFR,2.96,2.88,2.94,2.99,3.2,906,,,,,,,,,,,
09/28/2022,SOFR,2.98,2.88,2.95,3,3.2,911,,,,,,,,,,,
09/27/2022,SOFR,2.98,2.83,2.96,3,3.2,949,,,,,,,,,,,
09/26/2022,SOFR,2.99,2.8,2.96,3,3.2,976,,,,,,,,,,,
09/23/2022,SOFR,2.99,2.9,2.97,3.01,3.2,968,,,,,,,,,,,
09/22/2022,SOFR,2.99,2.26,2.97,3.01,3.13,1023,,,,,,,,,,,
09/21/2022,SOFR,2.25,2.12,2.23,2.27,2.45,951,,,,,,,,,,,
09/20/2022,SOFR,2.26,2.05,2.24,2.28,2.45,967,,,,,,,,,,,
09/19/2022,SOFR,2.27,2.15,2.25,2.3,2.45,948,,,,,,,,,,,
09/16/2022,SOFR,2.27,2.1,2.25,2.3,2.45,952,,,,,,,,,,,
09/15/2022,SOFR,2.28,2.18,2.26,2.3,2.45,981,,,,,,,,,,,
09/14/2022,SOFR,2.27,2.2,2.25,2.3,2.45,951,,,,,,,,,,,
09/13/2022,SOFR,2.28,2.18,2.26,2.3,2.45,957,,,,,,,,,,,
09/12/2022,SOFR,2.28,2.2,2.26,2.3,2.45,980,,,,,,,,,,,
09/09/2022,SOFR,2.28,2.2,2.26,2.3,2.45,958,,,,,,,,,,,
09/08/2022,SOFR,2.28,2.18,2.26,2.3,2.45,981,,,,,,,,,,,
09/07/2022,SOFR,2.28,2.19,2.26,2.3,2.45,958,,,,,,,,,,,
09/06/2022,SOFR,2.29,2.18,2.26,2.3,2.45,989,,,,,,,,,,,
09/02/2022,SOFR,2.29,2.19,2.26,2.31,2.45,965,,,,,,,,,,,
09/01/2022,SOFR,2.29,2.2,2.26,2.31,2.45,979,,,,,,,,,,,
08/31/2022,SOFR,2.29,2.15,2.26,2.31,2.45,1024,,,,,,,,,,,
08/30/2022,SOFR,2.29,2.2,2.26,2.3,2.45,948,,,,,,,,,,,
08/29/2022,SOFR,2.28,2.19,2.25,2.3,2.45,963,,,,,,,,,,,
08/26/2022,SOFR,2.28,2.2,2.25,2.3,2.45,953,,,,,,,,,,,
08/25/2022,SOFR,2.28,2.2,2.25,2.3,2.45,970,,,,,,,,,,,
08/24/2022,SOFR,2.27,2.18,2.25,2.3,2.45,969,,,,,,,,,,,
08/23/2022,SOFR,2.27,2.18,2.25,2.3,2.45,952,,,,,,,,,,,
08/22/2022,SOFR,2.28,2.15,2.25,2.3,2.37,994,,,,,,,,,,,
08/19/2022,SOFR,2.28,2.18,2.26,2.3,2.45,960,,,,,,,,,,,
08/18/2022,SOFR,2.28,2.18,2.26,2.3,2.45,973,,,,,,,,,,,
08/17/2022,SOFR,2.29,2.19,2.26,2.3,2.45,966,,,,,,,,,,,
08/16/2022,SOFR,2.29,2.2,2.26,2.31,2.45,974,,,,,,,,,,,
08/15/2022,SOFR,2.29,2.19,2.26,2.31,2.45,1014,,,,,,,,,,,
08/12/2022,SOFR,2.28,2.19,2.26,2.3,2.45,966,,,,,,,,,,,
08/11/2022,SOFR,2.28,2.18,2.26,2.3,2.45,965,,,,,,,,,,,
08/10/2022,SOFR,2.28,2.19,2.26,2.3,2.45,970,,,,,,,,,,,
08/09/2022,SOFR,2.29,2.2,2.26,2.3,2.45,947,,,,,,,,,,,
08/08/2022,SOFR,2.28,2.19,2.26,2.3,2.45,950,,,,,,,,,,,
08/05/2022,SOFR,2.28,2.19,2.26,2.3,2.45,965,,,,,,,,,,,
08/04/2022,SOFR,2.29,2.2,2.26,2.3,2.45,981,,,,,,,,,,,
08/03/2022,SOFR,2.29,2.18,2.26,2.31,2.45,984,,,,,,,,,,,
08/02/2022,SOFR,2.3,2.2,2.27,2.32,2.37,1015,,,,,,,,,,,
08/01/2022,SOFR,2.28,2.18,2.25,2.3,2.38,1035,,,,,,,,,,,
07/29/2022,SOFR,2.27,2.19,2.25,2.29,2.45,949,,,,,,,,,,,
07/28/2022,SOFR,2.28,1.55,2.25,2.3,2.45,965,,,,,,,,,,,
07/27/2022,SOFR,1.53,1.4,1.5,1.55,1.7,941,,,,,,,,,,,
07/26/2022,SOFR,1.53,1.45,1.5,1.55,1.7,951,,,,,,,,,,,
07/25/2022,SOFR,1.53,1.41,1.5,1.55,1.7,985,,,,,,,,,,,
07/22/2022,SOFR,1.52,1.45,1.5,1.54,1.7,931,,,,,,,,,,,
07/21/2022,SOFR,1.53,1.2,1.5,1.55,1.7,960,,,,,,,,,,,
07/20/2022,SOFR,1.53,1.43,1.5,1.55,1.7,916,,,,,,,,,,,
07/19/2022,SOFR,1.54,1.45,1.51,1.55,1.7,933,,,,,,,,,,,
07/18/2022,SOFR,1.54,1.45,1.51,1.55,1.7,947,,,,,,,,,,,
07/15/2022,SOFR,1.54,1.45,1.51,1.55,1.7,950,,,,,,,,,,,
07/14/2022,SOFR,1.53,1.45,1.5,1.55,1.7,934,,,,,,,,,,,
07/13/2022,SOFR,1.53,1.44,1.5,1.55,1.7,924,,,,,,,,,,,
07/12/2022,SOFR,1.54,1.45,1.5,1.55,1.7,941,,,,,,,,,,,
07/11/2022,SOFR,1.53,1.44,1.5,1.55,1.7,930,,,,,,,,,,,
07/08/2022,SOFR,1.53,1,1.5,1.55,1.7,942,,,,,,,,,,,
07/07/2022,SOFR,1.54,1.45,1.5,1.55,1.7,966,,,,,,,,,,,
07/06/2022,SOFR,1.54,1.45,1.5,1.55,1.7,966,,,,,,,,,,,
07/05/2022,SOFR,1.54,1.4,1.5,1.55,1.65,1042,,,,,,,,,,,
07/01/2022,SOFR,1.52,1.43,1.48,1.55,1.7,1001,,,,,,,,,,,
06/30/2022,SOFR,1.5,0.75,1.47,1.53,1.62,995,,,,,,,,,,,
06/29/2022,SOFR,1.51,1.42,1.48,1.54,1.7,940,,,,,,,,,,,
06/28/2022,SOFR,1.52,1.42,1.48,1.55,1.7,929,,,,,,,,,,,
06/27/2022,SOFR,1.5,1.4,1.47,1.54,1.7,945,,,,,,,,,,,
06/24/2022,SOFR,1.46,1.38,1.43,1.5,1.7,926,,,,,,,,,,,
06/23/2022,SOFR,1.44,1.35,1.42,1.48,1.7,944,,,,,,,,,,,
06/22/2022,SOFR,1.45,1.37,1.43,1.49,1.7,942,,,,,,,,,,,
06/21/2022,SOFR,1.45,1,1.43,1.48,1.7,957,,,,,,,,,,,
06/17/2022,SOFR,1.45,1.38,1.43,1.49,1.7,923,,,,,,,,,,,
06/16/2022,SOFR,1.45,1,1.42,1.49,1.7,976,,,,,,,,,,,
06/15/2022,SOFR,0.7,0.63,0.68,0.75,0.95,917,,,,,,,,,,,
06/14/2022,SOFR,0.69,0.6,0.67,0.75,0.95,925,,,,,,,,,,,
06/13/2022,SOFR,0.73,0.65,0.71,0.78,0.95,970,,,,,,,,,,,
06/10/2022,SOFR,0.75,0.6,0.73,0.79,0.95,960,,,,,,,,,,,
06/09/2022,SOFR,0.75,0.65,0.74,0.8,0.95,985,,,,,,,,,,,
06/08/2022,SOFR,0.76,0.7,0.74,0.8,0.95,959,,,,,,,,,,,
06/07/2022,SOFR,0.77,0.7,0.75,0.8,0.95,947,,,,,,,,,,,
06/06/2022,SOFR,0.78,0.72,0.76,0.8,0.95,959,,,,,,,,,,,
06/03/2022,SOFR,0.78,0.73,0.76,0.8,0.95,954,,,,,,,,,,,
06/02/2022,SOFR,0.79,0.7,0.77,0.8,0.95,974,,,,,,,,,,,
06/01/2022,SOFR,0.8,0.73,0.77,0.8,0.95,994,,,,,,,,,,,
05/31/2022,SOFR,0.79,0.71,0.77,0.8,0.87,1040,,,,,,,,,,,
05/27/2022,SOFR,0.78,0.72,0.76,0.8,0.95,963,,,,,,,,,,,
05/26/2022,SOFR,0.78,0.7,0.76,0.8,0.95,955,,,,,,,,,,,
05/25/2022,SOFR,0.78,0.72,0.76,0.8,0.95,942,,,,,,,,,,,
05/24/2022,SOFR,0.78,0.72,0.76,0.8,0.95,968,,,,,,,,,,,
05/23/2022,SOFR,0.78,0.71,0.76,0.8,0.95,984,,,,,,,,,,,
05/20/2022,SOFR,0.78,0.71,0.76,0.8,0.95,943,,,,,,,,,,,
05/19/2022,SOFR,0.79,0.71,0.77,0.8,0.95,982,,,,,,,,,,,
05/18/2022,SOFR,0.79,0.73,0.77,0.8,0.95,939,,,,,,,,,,,
05/17/2022,SOFR,0.8,0.7,0.78,0.81,0.95,977,,,,,,,,,,,
05/16/2022,SOFR,0.8,0.65,0.78,0.81,0.87,1013,,,,,,,,,,,
05/13/2022,SOFR,0.79,0.71,0.77,0.8,0.95,917,,,,,,,,,,,
05/12/2022,SOFR,0.79,0.71,0.77,0.8,0.95,922,,,,,,,,,,,
05/11/2022,SOFR,0.78,0.72,0.76,0.8,0.95,925,,,,,,,,,,,
05/10/2022,SOFR,0.78,0.72,0.76,0.8,0.95,914,,,,,,,,,,,
05/09/2022,SOFR,0.78,0.72,0.76,0.8,0.95,931,,,,,,,,,,,
05/06/2022,SOFR,0.78,0.72,0.76,0.8,0.95,979,,,,,,,,,,,
05/05/2022,SOFR,0.79,0.72,0.77,0.8,0.86,992,,,,,,,,,,,
05/04/2022,SOFR,0.3,0.22,0.27,0.3,0.45,947,,,,,,,,,,,
05/03/2022,SOFR,0.3,0.23,0.28,0.3,0.45,923,,,,,,,,,,,
05/02/2022,SOFR,0.3,0.23,0.27,0.3,0.45,984,,,,,,,,,,,
04/29/2022,SOFR,0.28,0.1,0.26,0.3,0.45,915,,,,,,,,,,,
04/28/2022,SOFR,0.28,0.21,0.26,0.3,0.45,892,,,,,,,,,,,
04/27/2022,SOFR,0.28,0.21,0.26,0.3,0.45,882,,,,,,,,,,,
04/26/2022,SOFR,0.27,0.2,0.25,0.3,0.45,897,,,,,,,,,,,
04/25/2022,SOFR,0.27,0.15,0.25,0.3,0.45,898,,,,,,,,,,,
04/22/2022,SOFR,0.27,0.2,0.24,0.3,0.45,901,,,,,,,,,,,
04/21/2022,SOFR,0.26,0.19,0.23,0.3,0.45,906,,,,,,,,,,,
04/20/2022,SOFR,0.27,0.2,0.24,0.3,0.45,912,,,,,,,,,,,
04/19/2022,SOFR,0.28,0.21,0.26,0.3,0.45,895,,,,,,,,,,,
04/18/2022,SOFR,0.29,0.1,0.27,0.3,0.45,896,,,,,,,,,,,
04/14/2022,SOFR,0.29,0.21,0.27,0.3,0.45,886,,,,,,,,,,,
04/13/2022,SOFR,0.29,0.21,0.27,0.3,0.45,874,,,,,,,,,,,
04/12/2022,SOFR,0.29,0.21,0.27,0.3,0.45,883,,,,,,,,,,,
04/11/2022,SOFR,0.3,0.21,0.27,0.3,0.45,886,,,,,,,,,,,
04/08/2022,SOFR,0.3,0.21,0.27,0.3,0.45,905,,,,,,,,,,,
04/07/2022,SOFR,0.3,0.21,0.27,0.3,0.45,906,,,,,,,,,,,
04/06/2022,SOFR,0.3,0.22,0.27,0.3,0.45,905,,,,,,,,,,,
04/05/2022,SOFR,0.3,0.22,0.27,0.3,0.45,929,,,,,,,,,,,
04/04/2022,SOFR,0.3,0.22,0.27,0.3,0.45,940,,,,,,,,,,,
04/01/2022,SOFR,0.3,0.21,0.27,0.3,0.45,974,,,,,,,,,,,
03/31/2022,SOFR,0.29,0.2,0.26,0.3,0.45,979,,,,,,,,,,,
03/30/2022,SOFR,0.27,0.2,0.24,0.3,0.45,900,,,,,,,,,,,
03/29/2022,SOFR,0.28,0.2,0.25,0.3,0.45,874,,,,,,,,,,,
03/28/2022,SOFR,0.28,0.2,0.25,0.3,0.45,899,,,,,,,,,,,
03/25/2022,SOFR,0.28,0.2,0.25,0.3,0.45,901,,,,,,,,,,,
03/24/2022,SOFR,0.27,0.2,0.24,0.3,0.45,900,,,,,,,,,,,
03/23/2022,SOFR,0.27,0.15,0.24,0.3,0.45,908,,,,,,,,,,,
03/22/2022,SOFR,0.28,0.21,0.25,0.3,0.45,931,,,,,,,,,,,
03/21/2022,SOFR,0.29,0.22,0.26,0.3,0.45,989,,,,,,,,,,,
03/18/2022,SOFR,0.3,0.23,0.26,0.3,0.45,968,,,,,,,,,,,
03/17/2022,SOFR,0.3,0.23,0.27,0.3,0.37,1003,,,,,,,,,,,
03/16/2022,SOFR,0.05,0,0.03,0.05,0.12,1016,,,,,,,,,,,
03/15/2022,SOFR,0.05,0,0.03,0.05,0.15,1014,,,,,,,,,,,
03/14/2022,SOFR,0.05,0,0.02,0.05,0.15,980,,,,,,,,,,,
03/11/2022,SOFR,0.05,0,0.03,0.05,0.15,980,,,,,,,,,,,
03/10/2022,SOFR,0.05,0,0.03,0.05,0.15,977,,,,,,,,,,,
03/09/2022,SOFR,0.05,0.01,0.05,0.06,0.15,952,,,,,,,,,,,
03/08/2022,SOFR,0.05,0.01,0.05,0.06,0.15,948,,,,,,,,,,,
03/07/2022,SOFR,0.05,0.01,0.05,0.06,0.15,990,,,,,,,,,,,
03/04/2022,SOFR,0.05,0.01,0.05,0.06,0.15,961,,,,,,,,,,,
03/03/2022,SOFR,0.05,0.01,0.05,0.06,0.15,1001,,,,,,,,,,,
03/02/2022,SOFR,0.05,0.01,0.05,0.06,0.13,1023,,,,,,,,,,,
03/01/2022,SOFR,0.05,0.01,0.05,0.06,0.12,1062,,,,,,,,,,,
02/28/2022,SOFR,0.05,0.01,0.05,0.07,0.13,1052,,,,,,,,,,,
02/25/2022,SOFR,0.05,0,0.04,0.06,0.15,962,,,,,,,,,,,
02/24/2022,SOFR,0.05,-0.01,0.03,0.05,0.15,924,,,,,,,,,,,
02/23/2022,SOFR,0.05,-0.01,0.03,0.05,0.15,902,,,,,,,,,,,
02/22/2022,SOFR,0.05,-0.01,0.03,0.05,0.15,930,,,,,,,,,,,
02/18/2022,SOFR,0.05,-0.01,0.03,0.05,0.15,931,,,,,,,,,,,
02/17/2022,SOFR,0.05,0,0.03,0.05,0.15,911,,,,,,,,,,,
02/16/2022,SOFR,0.05,-0.01,0.03,0.05,0.15,960,,,,,,,,,,,
02/15/2022,SOFR,0.05,0,0.03,0.05,0.15,972,,,,,,,,,,,
02/14/2022,SOFR,0.05,-0.01,0.02,0.05,0.15,895,,,,,,,,,,,
02/11/2022,SOFR,0.05,-0.01,0.02,0.05,0.15,903,,,,,,,,,,,
02/10/2022,SOFR,0.05,-0.02,0.01,0.05,0.15,914,,,,,,,,,,,
02/09/2022,SOFR,0.04,-0.02,0.01,0.05,0.15,911,,,,,,,,,,,
02/08/2022,SOFR,0.05,-0.02,0.01,0.05,0.15,896,,,,,,,,,,,
02/07/2022,SOFR,0.05,-0.01,0.02,0.05,0.15,905,,,,,,,,,,,
02/04/2022,SOFR,0.05,0,0.03,0.05,0.15,891,,,,,,,,,,,
02/03/2022,SOFR,0.05,0,0.03,0.05,0.15,935,,,,,,,,,,,
02/02/2022,SOFR,0.05,0,0.03,0.05,0.15,927,,,,,,,,,,,
02/01/2022,SOFR,0.05,0,0.03,0.05,0.15,985,,,,,,,,,,,
01/31/2022,SOFR,0.05,-0.01,0.02,0.05,0.12,1019,,,,,,,,,,,
01/28/2022,SOFR,0.05,-0.02,0.01,0.05,0.15,908,,,,,,,,,,,
01/27/2022,SOFR,0.04,-0.02,0.02,0.05,0.15,913,,,,,,,,,,,
01/26/2022,SOFR,0.04,-0.02,0.02,0.05,0.15,926,,,,,,,,,,,
01/25/2022,SOFR,0.05,-0.03,0.01,0.05,0.15,943,,,,,,,,,,,
01/24/2022,SOFR,0.04,-0.03,0.01,0.05,0.15,886,,,,,,,,,,,
01/21/2022,SOFR,0.05,-0.02,0.01,0.05,0.15,875,,,,,,,,,,,
01/20/2022,SOFR,0.04,-0.02,0.02,0.05,0.15,927,,,,,,,,,,,
01/19/2022,SOFR,0.05,-0.01,0.02,0.05,0.15,917,,,,,,,,,,,
01/18/2022,SOFR,0.05,-0.01,0.03,0.05,0.15,954,,,,,,,,,,,
01/14/2022,SOFR,0.05,-0.02,0.02,0.05,0.15,874,,,,,,,,,,,
01/13/2022,SOFR,0.05,-0.01,0.02,0.05,0.15,892,,,,,,,,,,,
01/12/2022,SOFR,0.05,-0.01,0.03,0.05,0.15,891,,,,,,,,,,,
01/11/2022,SOFR,0.05,-0.01,0.03,0.05,0.15,935,,,,,,,,,,,
01/10/2022,SOFR,0.05,-0.01,0.03,0.05,0.15,919,,,,,,,,,,,
01/07/2022,SOFR,0.05,0,0.04,0.05,0.15,929,,,,,,,,,,,
01/06/2022,SOFR,0.05,0,0.04,0.06,0.15,942,,,,,,,,,,,
01/05/2022,SOFR,0.05,0,0.04,0.06,0.15,946,,,,,,,,,,,
01/04/2022,SOFR,0.05,0,0.05,0.06,0.15,976,,,,,,,,,,,
01/03/2022,SOFR,0.05,-0.01,0.04,0.06,0.15,972,,,,,,,,,,,
12/31/2021,SOFR,0.05,-0.01,0.03,0.05,0.15,923,,,,,,,,,,,
12/30/2021,SOFR,0.05,-0.02,0.02,0.05,0.15,836,,,,,,,,,,,
12/29/2021,SOFR,0.05,-0.02,0.02,0.05,0.15,869,,,,,,,,,,,
12/28/2021,SOFR,0.05,-0.01,0.03,0.05,0.15,844,,,,,,,,,,,
12/27/2021,SOFR,0.05,-0.02,0.02,0.05,0.15,888,,,,,,,,,,,
12/23/2021,SOFR,0.05,-0.01,0.03,0.05,0.15,880,,,,,,,,,,,
12/22/2021,SOFR,0.05,-0.02,0.02,0.05,0.15,893,,,,,,,,,,,
12/21/2021,SOFR,0.05,-0.02,0.01,0.05,0.15,896,,,,,,,,,,,
12/20/2021,SOFR,0.04,-0.02,0.01,0.05,0.15,905,,,,,,,,,,,
12/17/2021,SOFR,0.05,-0.01,0.02,0.05,0.15,910,,,,,,,,,,,
12/16/2021,SOFR,0.05,-0.01,0.02,0.05,0.15,914,,,,,,,,,,,
12/15/2021,SOFR,0.05,-0.01,0.03,0.05,0.15,959,,,,,,,,,,,
12/14/2021,SOFR,0.05,-0.01,0.03,0.05,0.15,919,,,,,,,,,,,
12/13/2021,SOFR,0.05,-0.01,0.03,0.05,0.15,936,,,,,,,,,,,
12/10/2021,SOFR,0.05,0,0.04,0.06,0.15,919,,,,,,,,,,,
12/09/2021,SOFR,0.05,0,0.04,0.06,0.15,973,,,,,,,,,,,
12/08/2021,SOFR,0.05,0,0.05,0.06,0.15,978,,,,,,,,,,,
12/07/2021,SOFR,0.05,0,0.04,0.06,0.15,989,,,,,,,,,,,
12/06/2021,SOFR,0.05,0,0.04,0.06,0.14,994,,,,,,,,,,,
12/03/2021,SOFR,0.05,0,0.04,0.06,0.14,1015,,,,,,,,,,,
12/02/2021,SOFR,0.05,0,0.04,0.06,0.15,1031,,,,,,,,,,,
12/01/2021,SOFR,0.05,0,0.05,0.06,0.14,1088,,,,,,,,,,,
11/30/2021,SOFR,0.05,0,0.04,0.06,0.13,1067,,,,,,,,,,,
11/29/2021,SOFR,0.05,0,0.04,0.05,0.15,953,,,,,,,,,,,
11/26/2021,SOFR,0.05,0,0.04,0.06,0.15,895,,,,,,,,,,,
11/24/2021,SOFR,0.05,0,0.04,0.05,0.15,887,,,,,,,,,,,
11/23/2021,SOFR,0.05,-0.01,0.03,0.05,0.15,920,,,,,,,,,,,
11/22/2021,SOFR,0.05,-0.01,0.03,0.05,0.15,930,,,,,,,,,,,
11/19/2021,SOFR,0.05,-0.01,0.03,0.05,0.15,895,,,,,,,,,,,
11/18/2021,SOFR,0.05,-0.01,0.03,0.05,0.15,898,,,,,,,,,,,
11/17/2021,SOFR,0.05,-0.01,0.03,0.05,0.15,893,,,,,,,,,,,
11/16/2021,SOFR,0.05,-0.01,0.04,0.05,0.15,924,,,,,,,,,,,
11/15/2021,SOFR,0.05,0,0.04,0.05,0.15,958,,,,,,,,,,,
11/12/2021,SOFR,0.05,0,0.04,0.05,0.15,868,,,,,,,,,,,
11/10/2021,SOFR,0.05,0,0.04,0.05,0.15,871,,,,,,,,,,,
11/09/2021,SOFR,0.05,0,0.04,0.05,0.15,908,,,,,,,,,,,
11/08/2021,SOFR,0.05,0,0.04,0.05,0.15,907,,,,,,,,,,,
11/05/2021,SOFR,0.05,0,0.04,0.05,0.15,875,,,,,,,,,,,
11/04/2021,SOFR,0.05,-0.01,0.04,0.05,0.15,925,,,,,,,,,,,
11/03/2021,SOFR,0.05,0,0.04,0.05,0.15,877,,,,,,,,,,,
11/02/2021,SOFR,0.05,-0.01,0.04,0.05,0.15,910,,,,,,,,,,,
11/01/2021,SOFR,0.05,-0.02,0.03,0.05,0.15,959,,,,,,,,,,,
10/29/2021,SOFR,0.05,-0.03,0.02,0.05,0.15,847,,,,,,,,,,,
10/28/2021,SOFR,0.05,-0.03,0.02,0.05,0.15,871,,,,,,,,,,,
10/27/2021,SOFR,0.05,-0.03,0.02,0.05,0.15,865,,,,,,,,,,,
10/26/2021,SOFR,0.05,-0.03,0.02,0.05,0.15,877,,,,,,,,,,,
10/25/2021,SOFR,0.04,-0.03,0.02,0.05,0.15,858,,,,,,,,,,,
10/22/2021,SOFR,0.05,-0.03,0.02,0.05,0.15,863,,,,,,,,,,,
10/21/2021,SOFR,0.03,-0.05,0,0.05,0.15,879,,,,,,,,,,,
10/20/2021,SOFR,0.03,-0.04,0,0.05,0.15,857,,,,,,,,,,,
10/19/2021,SOFR,0.03,-0.03,0.01,0.05,0.15,875,,,,,,,,,,,
10/18/2021,SOFR,0.05,-0.02,0.01,0.05,0.15,879,,,,,,,,,,,
10/15/2021,SOFR,0.05,-0.01,0.02,0.05,0.15,889,,,,,,,,,,,
10/14/2021,SOFR,0.05,-0.03,0.03,0.05,0.15,873,,,,,,,,,,,
10/13/2021,SOFR,0.05,-0.01,0.03,0.05,0.15,907,,,,,,,,,,,
10/12/2021,SOFR,0.05,-0.01,0.03,0.05,0.15,925,,,,,,,,,,,
10/08/2021,SOFR,0.05,0,0.04,0.05,0.15,887,,,,,,,,,,,
10/07/2021,SOFR,0.05,0,0.04,0.05,0.15,911,,,,,,,,,,,
10/06/2021,SOFR,0.05,0,0.04,0.05,0.15,902,,,,,,,,,,,
10/05/2021,SOFR,0.05,0,0.04,0.05,0.15,916,,,,,,,,,,,
10/04/2021,SOFR,0.05,0,0.04,0.05,0.15,925,,,,,,,,,,,
10/01/2021,SOFR,0.05,0,0.04,0.05,0.15,928,,,,,,,,,,,
09/30/2021,SOFR,0.05,-0.01,0.03,0.05,0.15,939,,,,,,,,,,,
09/29/2021,SOFR,0.05,-0.02,0.03,0.05,0.15,872,,,,,,,,,,,
09/28/2021,SOFR,0.05,0,0.04,0.05,0.15,883,,,,,,,,,,,
09/27/2021,SOFR,0.05,0,0.04,0.05,0.15,927,,,,,,,,,,,
09/24/2021,SOFR,0.05,0,0.04,0.05,0.15,896,,,,,,,,,,,
09/23/2021,SOFR,0.05,0,0.03,0.05,0.15,878,,,,,,,,,,,
09/22/2021,SOFR,0.05,0,0.03,0.05,0.15,879,,,,,,,,,,,
09/21/2021,SOFR,0.05,0,0.03,0.05,0.15,894,,,,,,,,,,,
09/20/2021,SOFR,0.05,0,0.03,0.05,0.15,928,,,,,,,,,,,
09/17/2021,SOFR,0.05,0.01,0.04,0.05,0.15,884,,,,,,,,,,,
09/16/2021,SOFR,0.05,0.02,0.05,0.05,0.15,905,,,,,,,,,,,
09/15/2021,SOFR,0.05,0.02,0.05,0.06,0.15,942,,,,,,,,,,,
09/14/2021,SOFR,0.05,0.01,0.04,0.05,0.15,893,,,,,,,,,,,
09/13/2021,SOFR,0.05,0.01,0.05,0.05,0.15,914,,,,,,,,,,,
09/10/2021,SOFR,0.05,0.02,0.05,0.06,0.15,891,,,,,,,,,,,
09/09/2021,SOFR,0.05,0.01,0.05,0.05,0.15,917,,,,,,,,,,,
09/08/2021,SOFR,0.05,0.01,0.05,0.05,0.15,896,,,,,,,,,,,
09/07/2021,SOFR,0.05,0.01,0.05,0.06,0.15,945,,,,,,,,,,,
09/03/2021,SOFR,0.05,0.02,0.05,0.06,0.15,883,,,,,,,,,,,
09/02/2021,SOFR,0.05,0.02,0.05,0.06,0.15,952,,,,,,,,,,,
09/01/2021,SOFR,0.05,0.02,0.05,0.06,0.15,936,,,,,,,,,,,
08/31/2021,SOFR,0.05,0.02,0.05,0.06,0.15,953,,,,,,,,,,,
08/30/2021,SOFR,0.05,0,0.04,0.05,0.15,885,,,,,,,,,,,
08/27/2021,SOFR,0.05,0,0.04,0.05,0.15,920,,,,,,,,,,,
08/26/2021,SOFR,0.05,0.01,0.05,0.05,0.15,864,,,,,,,,,,,
08/25/2021,SOFR,0.05,0,0.04,0.05,0.15,912,,,,,,,,,,,
08/24/2021,SOFR,0.05,0,0.04,0.05,0.15,923,,,,,,,,,,,
08/23/2021,SOFR,0.05,0,0.03,0.05,0.15,899,,,,,,,,,,,
08/20/2021,SOFR,0.05,0,0.03,0.05,0.15,902,,,,,,,,,,,
08/19/2021,SOFR,0.05,0,0.03,0.05,0.15,925,,,,,,,,,,,
08/18/2021,SOFR,0.05,0,0.04,0.05,0.15,935,,,,,,,,,,,
08/17/2021,SOFR,0.05,0.01,0.05,0.05,0.15,905,,,,,,,,,,,
08/16/2021,SOFR,0.05,0.01,0.05,0.06,0.15,906,,,,,,,,,,,
08/13/2021,SOFR,0.05,0,0.04,0.05,0.15,893,,,,,,,,,,,
08/12/2021,SOFR,0.05,0,0.04,0.05,0.15,909,,,,,,,,,,,
08/11/2021,SOFR,0.05,0,0.04,0.05,0.15,904,,,,,,,,,,,
08/10/2021,SOFR,0.05,0.01,0.04,0.05,0.15,865,,,,,,,,,,,
08/09/2021,SOFR,0.05,0.02,0.05,0.06,0.15,884,,,,,,,,,,,
08/06/2021,SOFR,0.05,0.02,0.05,0.06,0.15,891,,,,,,,,,,,
08/05/2021,SOFR,0.05,NA,NA,NA,NA,901,,,,,,,,,,,2
08/04/2021,SOFR,0.05,0.02,0.05,0.06,0.15,926,,,,,,,,,,,
08/03/2021,SOFR,0.05,0.02,0.05,0.06,0.15,974,,,,,,,,,,,
08/02/2021,SOFR,0.05,0.01,0.05,0.06,0.15,986,,,,,,,,,,,
07/30/2021,SOFR,0.05,0,0.03,0.05,0.15,903,,,,,,,,,,,
07/29/2021,SOFR,0.05,0.01,0.04,0.05,0.15,877,,,,,,,,,,,
07/28/2021,SOFR,0.05,0.01,0.04,0.05,0.15,862,,,,,,,,,,,
07/27/2021,SOFR,0.05,0.01,0.04,0.05,0.15,874,,,,,,,,,,,
07/26/2021,SOFR,0.05,0.01,0.04,0.05,0.15,881,,,,,,,,,,,
07/23/2021,SOFR,0.05,0.01,0.04,0.05,0.15,861,,,,,,,,,,,
07/22/2021,SOFR,0.05,0.01,0.04,0.05,0.15,849,,,,,,,,,,,
07/21/2021,SOFR,0.05,0,0.03,0.05,0.15,913,,,,,,,,,,,
07/20/2021,SOFR,0.05,0.01,0.04,0.05,0.15,855,,,,,,,,,,,
07/19/2021,SOFR,0.05,0,0.03,0.05,0.15,888,,,,,,,,,,,
07/16/2021,SOFR,0.05,0.02,0.04,0.05,0.15,864,,,,,,,,,,,
07/15/2021,SOFR,0.05,0.02,0.05,0.06,0.15,933,,,,,,,,,,,
07/14/2021,SOFR,0.05,0,0.04,0.05,0.15,908,,,,,,,,,,,
07/13/2021,SOFR,0.05,0.01,0.04,0.05,0.15,875,,,,,,,,,,,
07/12/2021,SOFR,0.05,0.01,0.04,0.05,0.15,855,,,,,,,,,,,
07/09/2021,SOFR,0.05,0,0.04,0.05,0.15,911,,,,,,,,,,,
07/08/2021,SOFR,0.05,0.01,0.05,0.06,0.15,874,,,,,,,,,,,
07/07/2021,SOFR,0.05,0,0.05,0.06,0.15,905,,,,,,,,,,,
07/06/2021,SOFR,0.05,0,0.05,0.06,0.15,934,,,,,,,,,,,
07/02/2021,SOFR,0.05,0,0.05,0.06,0.15,910,,,,,,,,,,,
07/01/2021,SOFR,0.05,0,0.04,0.06,0.15,938,,,,,,,,,,,
06/30/2021,SOFR,0.05,-0.02,0.03,0.05,0.15,871,,,,,,,,,,,
06/29/2021,SOFR,0.05,-0.02,0.02,0.05,0.15,850,,,,,,,,,,,
06/28/2021,SOFR,0.05,-0.01,0.04,0.05,0.15,853,,,,,,,,,,,
06/25/2021,SOFR,0.05,0,0.04,0.06,0.15,850,,,,,,,,,,,
06/24/2021,SOFR,0.05,-0.01,0.04,0.05,0.15,868,,,,,,,,,,,
06/23/2021,SOFR,0.05,-0.02,0.03,0.05,0.15,835,,,,,,,,,,,
06/22/2021,SOFR,0.05,-0.01,0.03,0.05,0.15,888,,,,,,,,,,,
06/21/2021,SOFR,0.05,0,0.03,0.05,0.15,894,,,,,,,,,,,
06/18/2021,SOFR,0.05,0,0.04,0.06,0.15,921,,,,,,,,,,,
06/17/2021,SOFR,0.05,0,0.04,0.06,0.15,998,,,,,,,,,,,
06/16/2021,SOFR,0.01,-0.02,0,0.01,0.15,900,,,,,,,,,,,
06/15/2021,SOFR,0.01,-0.02,0,0.01,0.15,905,,,,,,,,,,,
06/14/2021,SOFR,0.01,-0.04,0,0.01,0.15,877,,,,,,,,,,,
06/11/2021,SOFR,0.01,-0.02,0,0.01,0.15,834,,,,,,,,,,,
06/10/2021,SOFR,0.01,-0.02,0.01,0.01,0.15,904,,,,,,,,,,,
06/09/2021,SOFR,0.01,-0.03,0,0.01,0.15,896,,,,,,,,,,,
06/08/2021,SOFR,0.01,-0.03,0,0.01,0.15,896,,,,,,,,,,,
06/07/2021,SOFR,0.01,-0.03,0,0.01,0.15,921,,,,,,,,,,,
06/04/2021,SOFR,0.01,-0.02,0.01,0.01,0.15,898,,,,,,,,,,,
06/03/2021,SOFR,0.01,-0.02,0.01,0.01,0.15,903,,,,,,,,,,,
06/02/2021,SOFR,0.01,-0.03,0.01,0.01,0.15,953,,,,,,,,,,,
06/01/2021,SOFR,0.01,-0.03,0,0.01,0.15,977,,,,,,,,,,,
05/28/2021,SOFR,0.01,-0.05,-0.01,0.01,0.15,868,,,,,,,,,,,
05/27/2021,SOFR,0.01,-0.05,-0.01,0.01,0.15,877,,,,,,,,,,,
05/26/2021,SOFR,0.01,-0.05,-0.01,0.01,0.15,869,,,,,,,,,,,
05/25/2021,SOFR,0.01,-0.05,-0.01,0.01,0.15,877,,,,,,,,,,,
05/24/2021,SOFR,0.01,-0.05,-0.01,0.01,0.15,858,,,,,,,,,,,
05/21/2021,SOFR,0.01,-0.05,-0.01,0.01,0.15,857,,,,,,,,,,,
05/20/2021,SOFR,0.01,-0.04,0,0.01,0.15,872,,,,,,,,,,,
05/19/2021,SOFR,0.01,-0.04,0,0.01,0.15,891,,,,,,,,,,,
05/18/2021,SOFR,0.01,-0.03,0,0.01,0.15,888,,,,,,,,,,,
05/17/2021,SOFR,0.01,-0.03,0,0.01,0.15,902,,,,,,,,,,,
05/14/2021,SOFR,0.01,-0.04,-0.01,0.01,0.15,865,,,,,,,,,,,
05/13/2021,SOFR,0.01,-0.03,0,0.01,0.15,860,,,,,,,,,,,
05/12/2021,SOFR,0.01,-0.03,0,0.01,0.15,895,,,,,,,,,,,
05/11/2021,SOFR,0.01,-0.02,0.01,0.01,0.15,865,,,,,,,,,,,
05/10/2021,SOFR,0.01,-0.02,0.01,0.01,0.15,869,,,,,,,,,,,
05/07/2021,SOFR,0.01,-0.02,0.01,0.01,0.15,869,,,,,,,,,,,
05/06/2021,SOFR,0.01,-0.02,0.01,0.01,0.15,883,,,,,,,,,,,
05/05/2021,SOFR,0.01,-0.02,0.01,0.01,0.15,841,,,,,,,,,,,
05/04/2021,SOFR,0.01,-0.02,0.01,0.01,0.15,895,,,,,,,,,,,
05/03/2021,SOFR,0.01,-0.02,0.01,0.01,0.15,930,,,,,,,,,,,
04/30/2021,SOFR,0.01,-0.02,0,0.01,0.15,924,,,,,,,,,,,
04/29/2021,SOFR,0.01,-0.03,0,0.01,0.15,838,,,,,,,,,,,
04/28/2021,SOFR,0.01,-0.03,0,0.01,0.15,847,,,,,,,,,,,
04/27/2021,SOFR,0.01,-0.03,0,0.01,0.15,879,,,,,,,,,,,
04/26/2021,SOFR,0.01,-0.03,0,0.01,0.15,875,,,,,,,,,,,
04/23/2021,SOFR,0.01,-0.02,0,0.01,0.15,871,,,,,,,,,,,
04/22/2021,SOFR,0.01,-0.02,0,0.01,0.15,870,,,,,,,,,,,
04/21/2021,SOFR,0.01,-0.03,0,0.01,0.15,882,,,,,,,,,,,
04/20/2021,SOFR,0.01,-0.03,0,0.01,0.15,896,,,,,,,,,,,
04/19/2021,SOFR,0.01,-0.03,0,0.01,0.15,919,,,,,,,,,,,
04/16/2021,SOFR,0.01,-0.02,0,0.01,0.15,913,,,,,,,,,,,
04/15/2021,SOFR,0.01,-0.02,0.01,0.01,0.15,928,,,,,,,,,,,
04/14/2021,SOFR,0.01,-0.03,0,0.01,0.15,883,,,,,,,,,,,
04/13/2021,SOFR,0.01,-0.02,0,0.01,0.15,894,,,,,,,,,,,
04/12/2021,SOFR,0.01,-0.02,0,0.01,0.15,863,,,,,,,,,,,
04/09/2021,SOFR,0.01,-0.02,0,0.01,0.15,867,,,,,,,,,,,
04/08/2021,SOFR,0.01,-0.01,0.01,0.01,0.15,896,,,,,,,,,,,
04/07/2021,SOFR,0.01,0,0.01,0.02,0.15,924,,,,,,,,,,,
04/06/2021,SOFR,0.01,0,0.01,0.04,0.15,979,,,,,,,,,,,
04/05/2021,SOFR,0.01,0,0.01,0.04,0.15,985,,,,,,,,,,,
04/01/2021,SOFR,0.01,0,0.01,0.03,0.15,989,,,,,,,,,,,
03/31/2021,SOFR,0.01,-0.02,0,0.01,0.15,931,,,,,,,,,,,
03/30/2021,SOFR,0.01,-0.02,0.01,0.02,0.15,808,,,,,,,,,,,
03/29/2021,SOFR,0.01,0,0.01,0.03,0.15,858,,,,,,,,,,,
03/26/2021,SOFR,0.01,0,0.01,0.03,0.15,924,,,,,,,,,,,
03/25/2021,SOFR,0.01,0,0.01,0.03,0.15,956,,,,,,,,,,,
03/24/2021,SOFR,0.01,-0.01,0.01,0.01,0.15,895,,,,,,,,,,,
03/23/2021,SOFR,0.01,-0.03,0,0.01,0.15,896,,,,,,,,,,,
03/22/2021,SOFR,0.01,-0.05,0,0.01,0.15,869,,,,,,,,,,,
03/19/2021,SOFR,0.01,-0.04,0,0.01,0.15,865,,,,,,,,,,,
03/18/2021,SOFR,0.01,-0.03,0.01,0.01,0.15,868,,,,,,,,,,,
03/17/2021,SOFR,0.01,-0.01,0.01,0.01,0.15,883,,,,,,,,,,,
03/16/2021,SOFR,0.01,-0.01,0.01,0.01,0.15,914,,,,,,,,,,,
03/15/2021,SOFR,0.01,0,0.01,0.02,0.15,898,,,,,,,,,,,
03/12/2021,SOFR,0.01,-0.03,0,0.01,0.15,889,,,,,,,,,,,
03/11/2021,SOFR,0.01,-0.01,0.01,0.03,0.15,884,,,,,,,,,,,
03/10/2021,SOFR,0.02,0,0.01,0.04,0.15,914,,,,,,,,,,,
03/09/2021,SOFR,0.02,0,0.01,0.03,0.15,914,,,,,,,,,,,
03/08/2021,SOFR,0.02,0,0.01,0.04,0.15,928,,,,,,,,,,,
03/05/2021,SOFR,0.02,0,0.01,0.03,0.15,933,,,,,,,,,,,
03/04/2021,SOFR,0.02,0.01,0.01,0.04,0.15,936,,,,,,,,,,,
03/03/2021,SOFR,0.04,0.02,0.03,0.06,0.15,897,,,,,,,,,,,
03/02/2021,SOFR,0.04,0.01,0.02,0.05,0.15,951,,,,,,,,,,,
03/01/2021,SOFR,0.02,0,0.01,0.04,0.15,988,,,,,,,,,,,
02/26/2021,SOFR,0.01,-0.02,0.01,0.01,0.15,889,,,,,,,,,,,
02/25/2021,SOFR,0.03,0.01,0.02,0.05,0.15,896,,,,,,,,,,,
02/24/2021,SOFR,0.02,0.01,0.01,0.04,0.15,870,,,,,,,,,,,
02/23/2021,SOFR,0.01,0,0.01,0.03,0.15,917,,,,,,,,,,,
02/22/2021,SOFR,0.03,0.01,0.02,0.04,0.15,860,,,,,,,,,,,
02/19/2021,SOFR,0.02,0.01,0.01,0.04,0.15,873,,,,,,,,,,,
02/18/2021,SOFR,0.03,0.02,0.02,0.05,0.15,872,,,,,,,,,,,
02/17/2021,SOFR,0.06,0.03,0.05,0.08,0.15,957,,,,,,,,,,,
02/16/2021,SOFR,0.06,0.04,0.05,0.08,0.15,934,,,,,,,,,,,
02/12/2021,SOFR,0.05,0.02,0.03,0.07,0.15,890,,,,,,,,,,,
02/11/2021,SOFR,0.06,0.03,0.04,0.08,0.15,891,,,,,,,,,,,
02/10/2021,SOFR,0.06,0.04,0.05,0.09,0.15,884,,,,,,,,,,,
02/09/2021,SOFR,0.05,0.03,0.03,0.07,0.15,901,,,,,,,,,,,
02/08/2021,SOFR,0.02,0.01,0.01,0.05,0.15,920,,,,,,,,,,,
02/05/2021,SOFR,0.02,0.01,0.01,0.04,0.15,933,,,,,,,,,,,
02/04/2021,SOFR,0.05,0.03,0.03,0.06,0.15,989,,,,,,,,,,,
02/03/2021,SOFR,0.07,0.03,0.06,0.1,0.15,962,,,,,,,,,,,
02/02/2021,SOFR,0.07,0.04,0.06,0.09,0.15,968,,,,,,,,,,,
02/01/2021,SOFR,0.07,0.04,0.05,0.09,0.15,1010,,,,,,,,,,,
01/29/2021,SOFR,0.06,0.03,0.04,0.07,0.15,915,,,,,,,,,,,
01/28/2021,SOFR,0.04,0.02,0.03,0.06,0.15,906,,,,,,,,,,,
01/27/2021,SOFR,0.03,0.01,0.02,0.04,0.15,913,,,,,,,,,,,
01/26/2021,SOFR,0.03,0.01,0.02,0.05,0.15,926,,,,,,,,,,,
01/25/2021,SOFR,0.06,0.03,0.05,0.09,0.15,885,,,,,,,,,,,
01/22/2021,SOFR,0.05,0.03,0.04,0.07,0.15,906,,,,,,,,,,,
01/21/2021,SOFR,0.04,0.01,0.02,0.05,0.15,922,,,,,,,,,,,
01/20/2021,SOFR,0.06,0.02,0.04,0.07,0.15,883,,,,,,,,,,,
01/19/2021,SOFR,0.07,0.04,0.05,0.09,0.15,936,,,,,,,,,,,
01/15/2021,SOFR,0.08,0.05,0.05,0.1,0.15,904,,,,,,,,,,,
01/14/2021,SOFR,0.08,0.04,0.05,0.1,0.16,887,,,,,,,,,,,
01/13/2021,SOFR,0.08,0.05,0.05,0.1,0.15,911,,,,,,,,,,,
01/12/2021,SOFR,0.08,0.05,0.06,0.11,0.16,918,,,,,,,,,,,
01/11/2021,SOFR,0.09,0.05,0.07,0.11,0.17,964,,,,,,,,,,,
01/08/2021,SOFR,0.09,0.06,0.07,0.12,0.17,992,,,,,,,,,,,
01/07/2021,SOFR,0.1,0.06,0.08,0.12,0.18,951,,,,,,,,,,,
01/06/2021,SOFR,0.1,0.07,0.08,0.13,0.18,978,,,,,,,,,,,
01/05/2021,SOFR,0.11,0.06,0.08,0.13,0.18,986,,,,,,,,,,,
01/04/2021,SOFR,0.1,0.05,0.07,0.12,0.17,1046,,,,,,,,,,,
12/31/2020,SOFR,0.07,0.03,0.06,0.1,0.17,1095,,,,,,,,,,,
12/30/2020,SOFR,0.09,0.05,0.08,0.12,0.17,916,,,,,,,,,,,
12/29/2020,SOFR,0.1,0.06,0.08,0.12,0.17,945,,,,,,,,,,,
12/28/2020,SOFR,0.09,0.06,0.07,0.12,0.16,946,,,,,,,,,,,
12/24/2020,SOFR,0.08,0.05,0.06,0.1,0.15,895,,,,,,,,,,,
12/23/2020,SOFR,0.06,0.04,0.05,0.07,0.15,921,,,,,,,,,,,
12/22/2020,SOFR,0.07,0.04,0.06,0.09,0.15,923,,,,,,,,,,,
12/21/2020,SOFR,0.09,0.06,0.07,0.11,0.16,922,,,,,,,,,,,
12/18/2020,SOFR,0.09,0.06,0.07,0.11,0.16,943,,,,,,,,,,,
12/17/2020,SOFR,0.09,0.06,0.07,0.11,0.16,922,,,,,,,,,,,
12/16/2020,SOFR,0.09,0.06,0.07,0.11,0.16,914,,,,,,,,,,,
12/15/2020,SOFR,0.09,0.06,0.07,0.11,0.16,933,,,,,,,,,,,
12/14/2020,SOFR,0.08,0.05,0.06,0.09,0.15,907,,,,,,,,,,,
12/11/2020,SOFR,0.08,0.05,0.06,0.1,0.15,885,,,,,,,,,,,
12/10/2020,SOFR,0.08,0.05,0.06,0.09,0.15,946,,,,,,,,,,,
12/09/2020,SOFR,0.08,0.05,0.06,0.09,0.15,935,,,,,,,,,,,
12/08/2020,SOFR,0.07,0.05,0.06,0.09,0.16,939,,,,,,,,,,,
12/07/2020,SOFR,0.08,0.05,0.07,0.11,0.17,951,,,,,,,,,,,
12/04/2020,SOFR,0.09,0.06,0.07,0.11,0.16,951,,,,,,,,,,,
12/03/2020,SOFR,0.08,0.05,0.06,0.1,0.16,954,,,,,,,,,,,
12/02/2020,SOFR,0.08,0.05,0.06,0.1,0.15,926,,,,,,,,,,,
12/01/2020,SOFR,0.08,0.05,0.06,0.1,0.16,972,,,,,,,,,,,
11/30/2020,SOFR,0.09,0.06,0.08,0.12,0.17,1055,,,,,,,,,,,
11/27/2020,SOFR,0.08,0.05,0.06,0.1,0.16,900,,,,,,,,,,,
11/25/2020,SOFR,0.08,0.05,0.06,0.1,0.15,937,,,,,,,,,,,
11/24/2020,SOFR,0.07,0.04,0.05,0.09,0.14,910,,,,,,,,,,,
11/23/2020,SOFR,0.05,0.03,0.04,0.07,0.13,913,,,,,,,,,,,
11/20/2020,SOFR,0.05,0.03,0.04,0.07,0.13,920,,,,,,,,,,,
11/19/2020,SOFR,0.06,0.03,0.04,0.07,0.13,911,,,,,,,,,,,
11/18/2020,SOFR,0.07,0.04,0.05,0.09,0.16,941,,,,,,,,,,,
11/17/2020,SOFR,0.09,0.05,0.07,0.11,0.17,970,,,,,,,,,,,
11/16/2020,SOFR,0.1,0.06,0.08,0.12,0.18,953,,,,,,,,,,,
11/13/2020,SOFR,0.09,0.06,0.07,0.11,0.17,904,,,,,,,,,,,
11/12/2020,SOFR,0.09,0.05,0.07,0.11,0.17,912,,,,,,,,,,,
11/10/2020,SOFR,0.1,0.06,0.07,0.12,0.17,923,,,,,,,,,,,
11/09/2020,SOFR,0.1,0.06,0.08,0.12,0.18,904,,,,,,,,,,,
11/06/2020,SOFR,0.1,0.07,0.08,0.13,0.18,888,,,,,,,,,,,
11/05/2020,SOFR,0.11,0.07,0.08,0.13,0.18,938,,,,,,,,,,,
11/04/2020,SOFR,0.1,0.06,0.08,0.13,0.18,899,,,,,,,,,,,
11/03/2020,SOFR,0.1,0.06,0.07,0.12,0.17,948,,,,,,,,,,,
11/02/2020,SOFR,0.11,0.07,0.07,0.13,0.17,956,,,,,,,,,,,
10/30/2020,SOFR,0.09,0.06,0.07,0.12,0.18,873,,,,,,,,,,,
10/29/2020,SOFR,0.09,0.05,0.06,0.1,0.16,866,,,,,,,,,,,
10/28/2020,SOFR,0.08,0.05,0.06,0.1,0.16,910,,,,,,,,,,,
10/27/2020,SOFR,0.09,0.06,0.07,0.11,0.16,931,,,,,,,,,,,
10/26/2020,SOFR,0.09,0.06,0.06,0.11,0.16,921,,,,,,,,,,,
10/23/2020,SOFR,0.08,0.05,0.06,0.1,0.16,915,,,,,,,,,,,
10/22/2020,SOFR,0.07,0.04,0.05,0.09,0.15,929,,,,,,,,,,,
10/21/2020,SOFR,0.07,0.04,0.05,0.09,0.16,943,,,,,,,,,,,
10/20/2020,SOFR,0.08,0.05,0.06,0.1,0.17,918,,,,,,,,,,,
10/19/2020,SOFR,0.09,0.05,0.06,0.11,0.17,903,,,,,,,,,,,
10/16/2020,SOFR,0.09,0.06,0.06,0.11,0.17,914,,,,,,,,,,,
10/15/2020,SOFR,0.1,0.06,0.07,0.13,0.18,952,,,,,,,,,,,
10/14/2020,SOFR,0.09,0.05,0.06,0.11,0.17,885,,,,,,,,,,,
10/13/2020,SOFR,0.09,0.05,0.07,0.12,0.17,930,,,,,,,,,,,
10/09/2020,SOFR,0.09,0.05,0.06,0.11,0.17,894,,,,,,,,,,,
10/08/2020,SOFR,0.08,0.05,0.06,0.1,0.16,924,,,,,,,,,,,
10/07/2020,SOFR,0.09,0.06,0.07,0.12,0.18,925,,,,,,,,,,,
10/06/2020,SOFR,0.1,0.06,0.07,0.12,0.18,920,,,,,,,,,,,
10/05/2020,SOFR,0.09,0.06,0.07,0.12,0.18,955,,,,,,,,,,,
10/02/2020,SOFR,0.1,0.05,0.06,0.12,0.17,927,,,,,,,,,,,
10/01/2020,SOFR,0.08,0.05,0.05,0.11,0.16,1020,,,,,,,,,,,
09/30/2020,SOFR,0.08,0.05,0.06,0.11,0.17,975,,,,,,,,,,,
09/29/2020,SOFR,0.07,0.05,0.05,0.1,0.16,916,,,,,,,,,,,
09/28/2020,SOFR,0.08,0.05,0.06,0.11,0.17,923,,,,,,,,,,,
09/25/2020,SOFR,0.08,0.05,0.06,0.11,0.17,929,,,,,,,,,,,
09/24/2020,SOFR,0.07,0.04,0.04,0.09,0.15,919,,,,,,,,,,,
09/23/2020,SOFR,0.06,0.03,0.04,0.08,0.16,945,,,,,,,,,,,
09/22/2020,SOFR,0.07,0.04,0.05,0.09,0.16,941,,,,,,,,,,,
09/21/2020,SOFR,0.08,0.04,0.06,0.11,0.18,925,,,,,,,,,,,
09/18/2020,SOFR,0.09,0.06,0.07,0.12,0.18,896,,,,,,,,,,,
09/17/2020,SOFR,0.1,0.06,0.07,0.13,0.19,892,,,,,,,,,,,
09/16/2020,SOFR,0.1,0.06,0.07,0.13,0.19,899,,,,,,,,,,,
09/15/2020,SOFR,0.1,0.07,0.07,0.13,0.19,938,,,,,,,,,,,
09/14/2020,SOFR,0.09,0.06,0.07,0.12,0.18,881,,,,,,,,,,,
09/11/2020,SOFR,0.09,0.06,0.07,0.12,0.18,900,,,,,,,,,,,
09/10/2020,SOFR,0.09,0.06,0.07,0.13,0.19,924,,,,,,,,,,,
09/09/2020,SOFR,0.09,0.06,0.07,0.12,0.18,937,,,,,,,,,,,
09/08/2020,SOFR,0.09,0.06,0.07,0.13,0.19,957,,,,,,,,,,,
09/04/2020,SOFR,0.09,0.06,0.07,0.13,0.18,935,,,,,,,,,,,
09/03/2020,SOFR,0.1,0.06,0.06,0.12,0.17,955,,,,,,,,,,,
09/02/2020,SOFR,0.09,0.05,0.06,0.12,0.17,947,,,,,,,,,,,
09/01/2020,SOFR,0.09,0.05,0.06,0.12,0.17,969,,,,,,,,,,,
08/31/2020,SOFR,0.09,0.06,0.07,0.13,0.19,934,,,,,,,,,,,
08/28/2020,SOFR,0.07,0.04,0.05,0.1,0.16,881,,,,,,,,,,,
08/27/2020,SOFR,0.07,0.05,0.05,0.1,0.16,898,,,,,,,,,,,
08/26/2020,SOFR,0.07,0.05,0.05,0.1,0.16,938,,,,,,,,,,,
08/25/2020,SOFR,0.08,0.05,0.06,0.11,0.17,931,,,,,,,,,,,
08/24/2020,SOFR,0.08,0.05,0.06,0.11,0.16,935,,,,,,,,,,,
08/21/2020,SOFR,0.07,0.04,0.05,0.1,0.16,959,,,,,,,,,,,
08/20/2020,SOFR,0.07,0.04,0.05,0.09,0.16,983,,,,,,,,,,,
08/19/2020,SOFR,0.09,0.04,0.07,0.12,0.18,961,,,,,,,,,,,
08/18/2020,SOFR,0.09,0.06,0.07,0.12,0.18,977,,,,,,,,,,,
08/17/2020,SOFR,0.1,0.07,0.07,0.13,0.19,944,,,,,,,,,,,
08/14/2020,SOFR,0.09,0.06,0.07,0.12,0.18,930,,,,,,,,,,,
08/13/2020,SOFR,0.09,0.06,0.07,0.12,0.18,989,,,,,,,,,,,
08/12/2020,SOFR,0.09,0.06,0.07,0.12,0.18,964,,,,,,,,,,,
08/11/2020,SOFR,0.1,0.06,0.07,0.12,0.18,956,,,,,,,,,,,
08/10/2020,SOFR,0.09,0.06,0.07,0.12,0.19,948,,,,,,,,,,,
08/07/2020,SOFR,0.09,0.06,0.07,0.12,0.19,944,,,,,,,,,,,
08/06/2020,SOFR,0.09,0.07,0.07,0.12,0.19,1029,,,,,,,,,,,
08/05/2020,SOFR,0.09,0.07,0.07,0.12,0.18,1028,,,,,,,,,,,
08/04/2020,SOFR,0.09,0.06,0.07,0.13,0.18,1051,,,,,,,,,,,
08/03/2020,SOFR,0.1,0.07,0.08,0.13,0.18,991,,,,,,,,,,,
07/31/2020,SOFR,0.1,0.07,0.08,0.14,0.2,1034,,,,,,,,,,,
07/30/2020,SOFR,0.1,0.06,0.07,0.12,0.18,928,,,,,,,,,,,
07/29/2020,SOFR,0.09,0.06,0.07,0.12,0.19,948,,,,,,,,,,,
07/28/2020,SOFR,0.1,0.07,0.08,0.13,0.19,955,,,,,,,,,,,
07/27/2020,SOFR,0.1,0.07,0.08,0.14,0.19,973,,,,,,,,,,,
07/24/2020,SOFR,0.1,0.07,0.08,0.13,0.19,950,,,,,,,,,,,
07/23/2020,SOFR,0.1,0.07,0.08,0.13,0.2,942,,,,,,,,,,,
07/22/2020,SOFR,0.1,0.06,0.08,0.13,0.2,1031,,,,,,,,,,,
07/21/2020,SOFR,0.11,0.07,0.08,0.14,0.2,963,,,,,,,,,,,
07/20/2020,SOFR,0.12,0.07,0.09,0.14,0.2,975,,,,,,,,,,,
07/17/2020,SOFR,0.12,0.07,0.09,0.15,0.2,988,,,,,,,,,,,
07/16/2020,SOFR,0.12,0.07,0.08,0.14,0.2,957,,,,,,,,,,,
07/15/2020,SOFR,0.13,0.09,0.11,0.17,0.24,939,,,,,,,,,,,
07/14/2020,SOFR,0.11,0.07,0.09,0.15,0.2,972,,,,,,,,,,,
07/13/2020,SOFR,0.1,0.07,0.08,0.14,0.2,960,,,,,,,,,,,
07/10/2020,SOFR,0.1,0.07,0.08,0.14,0.19,942,,,,,,,,,,,
07/09/2020,SOFR,0.1,0.07,0.08,0.14,0.2,984,,,,,,,,,,,
07/08/2020,SOFR,0.1,0.07,0.08,0.13,0.2,954,,,,,,,,,,,
07/07/2020,SOFR,0.1,0.07,0.08,0.15,0.21,969,,,,,,,,,,,
07/06/2020,SOFR,0.1,0.07,0.08,0.15,0.21,977,,,,,,,,,,,
07/02/2020,SOFR,0.11,0.07,0.08,0.14,0.2,952,,,,,,,,,,,
07/01/2020,SOFR,0.11,0.06,0.07,0.13,0.19,1003,,,,,,,,,,,
06/30/2020,SOFR,0.1,0.06,0.07,0.13,0.2,970,,,,,,,,,,,
06/29/2020,SOFR,0.08,0.05,0.06,0.12,0.19,940,,,,,,,,,,,
06/26/2020,SOFR,0.08,0.05,0.06,0.12,0.19,938,,,,,,,,,,,
06/25/2020,SOFR,0.09,0.05,0.07,0.13,0.19,984,,,,,,,,,,,
06/24/2020,SOFR,0.08,0.05,0.06,0.12,0.18,1015,,,,,,,,,,,
06/23/2020,SOFR,0.07,0.04,0.05,0.11,0.18,992,,,,,,,,,,,
06/22/2020,SOFR,0.08,0.05,0.06,0.12,0.19,1024,,,,,,,,,,,
06/19/2020,SOFR,0.09,0.06,0.06,0.12,0.19,963,,,,,,,,,,,
06/18/2020,SOFR,0.09,0.06,0.07,0.12,0.19,1046,,,,,,,,,,,
06/17/2020,SOFR,0.09,0.06,0.07,0.13,0.19,1012,,,,,,,,,,,
06/16/2020,SOFR,0.09,0.06,0.07,0.13,0.2,986,,,,,,,,,,,
06/15/2020,SOFR,0.09,0.06,0.07,0.13,0.2,1000,,,,,,,,,,,
06/12/2020,SOFR,0.08,0.05,0.06,0.13,0.19,969,,,,,,,,,,,
06/11/2020,SOFR,0.08,0.05,0.06,0.12,0.18,1009,,,,,,,,,,,
06/10/2020,SOFR,0.07,0.05,0.06,0.12,0.18,1008,,,,,,,,,,,
06/09/2020,SOFR,0.08,0.05,0.06,0.13,0.19,1034,,,,,,,,,,,
06/08/2020,SOFR,0.07,0.05,0.06,0.12,0.19,1032,,,,,,,,,,,
06/05/2020,SOFR,0.07,0.05,0.06,0.12,0.18,1021,,,,,,,,,,,
06/04/2020,SOFR,0.07,0.04,0.06,0.12,0.18,1067,,,,,,,,,,,
06/03/2020,SOFR,0.06,0.04,0.05,0.11,0.18,1024,,,,,,,,,,,
06/02/2020,SOFR,0.07,0.05,0.05,0.13,0.18,1054,,,,,,,,,,,
06/01/2020,SOFR,0.06,0.04,0.05,0.12,0.18,1104,,,,,,,,,,,
05/29/2020,SOFR,0.06,0.04,0.05,0.1,0.19,1061,,,,,,,,,,,
05/28/2020,SOFR,0.06,0.04,0.05,0.12,0.19,1031,,,,,,,,,,,
05/27/2020,SOFR,0.06,0.03,0.04,0.1,0.17,1069,,,,,,,,,,,
05/26/2020,SOFR,0.06,0.04,0.05,0.12,0.18,1081,,,,,,,,,,,
05/22/2020,SOFR,0.04,0.03,0.03,0.09,0.16,1085,,,,,,,,,,,
05/21/2020,SOFR,0.02,0.01,0.01,0.05,0.12,1117,,,,,,,,,,,
05/20/2020,SOFR,0.01,0,0.01,0.04,0.13,1103,,,,,,,,,,,
05/19/2020,SOFR,0.04,0.02,0.03,0.08,0.16,1127,,,,,,,,,,,
05/18/2020,SOFR,0.04,0.01,0.03,0.07,0.16,1130,,,,,,,,,,,
05/15/2020,SOFR,0.05,0.03,0.04,0.1,0.17,1127,,,,,,,,,,,
05/14/2020,SOFR,0.02,0.01,0.01,0.06,0.14,1102,,,,,,,,,,,
05/13/2020,SOFR,0.04,0.02,0.04,0.08,0.17,1085,,,,,,,,,,,
05/12/2020,SOFR,0.06,0.04,0.05,0.11,0.18,1142,,,,,,,,,,,
05/11/2020,SOFR,0.06,0.04,0.05,0.11,0.18,1123,,,,,,,,,,,
05/08/2020,SOFR,0.06,0.04,0.05,0.11,0.18,1142,,,,,,,,,,,
05/07/2020,SOFR,0.05,0.04,0.05,0.1,0.17,1127,,,,,,,,,,,
05/06/2020,SOFR,0.05,0.03,0.04,0.1,0.17,1127,,,,,,,,,,,
05/05/2020,SOFR,0.05,0.03,0.04,0.09,0.17,1172,,,,,,,,,,,
05/04/2020,SOFR,0.05,0.02,0.04,0.1,0.18,1184,,,,,,,,,,,
05/01/2020,SOFR,0.03,0.02,0.03,0.09,0.16,1190,,,,,,,,,,,
04/30/2020,SOFR,0.04,0.02,0.02,0.09,0.16,1180,,,,,,,,,,,
04/29/2020,SOFR,0.01,0.01,0.01,0.05,0.13,1141,,,,,,,,,,,
04/28/2020,SOFR,0.01,0.01,0.01,0.05,0.15,1165,,,,,,,,,,,
04/27/2020,SOFR,0.03,0.02,0.02,0.07,0.16,1145,,,,,,,,,,,
04/24/2020,SOFR,0.03,0.02,0.03,0.08,0.16,1208,,,,,,,,,,,
04/23/2020,SOFR,0.01,0.01,0.01,0.04,0.13,1141,,,,,,,,,,,
04/22/2020,SOFR,0.01,0,0.01,0.03,0.12,1158,,,,,,,,,,,
04/21/2020,SOFR,0.01,0,0.01,0.03,0.13,1163,,,,,,,,,,,
04/20/2020,SOFR,0.02,0.01,0.01,0.06,0.15,1158,,,,,,,,,,,
04/17/2020,SOFR,0.03,0.02,0.02,0.08,0.16,1231,,,,,,,,,,,
04/16/2020,SOFR,0.03,0.01,0.02,0.08,0.16,1223,,,,,,,,,,,
04/15/2020,SOFR,0.03,0.02,0.03,0.08,0.18,1257,,,,,,,,,,,
04/14/2020,SOFR,0.06,0.03,0.05,0.11,0.21,1152,,,,,,,,,,,
04/13/2020,SOFR,0.02,0.01,0.02,0.07,0.17,1193,,,,,,,,,,,
04/09/2020,SOFR,0.01,0.01,0.01,0.05,0.16,1160,,,,,,,,,,,
04/08/2020,SOFR,0.01,0.01,0.01,0.03,0.16,1152,,,,,,,,,,,
04/07/2020,SOFR,0.01,0,0.01,0.02,0.16,1226,,,,,,,,,,,
04/06/2020,SOFR,0.01,0,0.01,0.02,0.15,1254,,,,,,,,,,,
04/03/2020,SOFR,0.01,0,0.01,0.02,0.16,1266,,,,,,,,,,,
04/02/2020,SOFR,0.01,0.01,0.01,0.03,0.17,1202,,,,,,,,,,,
04/01/2020,SOFR,0.01,-0.01,0.01,0.03,0.17,1226,,,,,,,,,,,
03/31/2020,SOFR,0.01,-0.03,0.01,0.01,0.17,1127,,,,,,,,,,,
03/30/2020,SOFR,0.01,-0.02,0.01,0.01,0.18,1157,,,,,,,,,,,
03/27/2020,SOFR,0.01,-0.01,0.01,0.01,0.2,1222,,,,,,,,,,,
03/26/2020,SOFR,0.01,0,0.01,0.02,0.23,1233,,,,,,,,,,,
03/25/2020,SOFR,0.01,0,0.01,0.02,0.22,1229,,,,,,,,,,,
03/24/2020,SOFR,0.01,0,0.01,0.03,0.2,1280,,,,,,,,,,,
03/23/2020,SOFR,0.02,0,0.01,0.04,0.2,1277,,,,,,,,,,,
03/20/2020,SOFR,0.04,0.01,0.03,0.07,0.18,1235,,,,,,,,,,,
03/19/2020,SOFR,0.06,0.03,0.05,0.11,0.27,1319,,,,,,,,,,,
03/18/2020,SOFR,0.1,0.06,0.08,0.16,0.42,1358,,,,,,,,,,,
03/17/2020,SOFR,0.54,0.09,0.5,0.74,1,1335,,,,,,,,,,,
03/16/2020,SOFR,0.26,0.2,0.23,0.35,2,1306,,,,,,,,,,,
03/13/2020,SOFR,1.1,1.06,1.08,1.15,1.22,1298,,,,,,,,,,,
03/12/2020,SOFR,1.2,1.07,1.2,1.25,1.42,1293,,,,,,,,,,,
03/11/2020,SOFR,1.15,1.1,1.14,1.2,1.28,1222,,,,,,,,,,,
03/10/2020,SOFR,1.11,1.08,1.1,1.17,1.23,1264,,,,,,,,,,,
03/09/2020,SOFR,1.09,1.05,1.08,1.14,1.22,1256,,,,,,,,,,,
03/06/2020,SOFR,1.1,1.06,1.08,1.15,1.22,1295,,,,,,,,,,,
03/05/2020,SOFR,1.12,1.08,1.11,1.17,1.25,1254,,,,,,,,,,,
03/04/2020,SOFR,1.23,1.12,1.22,1.28,1.37,1261,,,,,,,,,,,
03/03/2020,SOFR,1.64,1.58,1.63,1.71,1.81,1238,,,,,,,,,,,
03/02/2020,SOFR,1.59,1.55,1.57,1.64,1.76,1291,,,,,,,,,,,
02/28/2020,SOFR,1.6,1.54,1.59,1.65,1.72,1156,,,,,,,,,,,
02/27/2020,SOFR,1.58,1.54,1.57,1.63,1.7,1106,,,,,,,,,,,
02/26/2020,SOFR,1.58,1.55,1.57,1.63,1.7,1120,,,,,,,,,,,
02/25/2020,SOFR,1.59,1.55,1.57,1.63,1.7,1122,,,,,,,,,,,
02/24/2020,SOFR,1.58,1.54,1.56,1.62,1.69,1106,,,,,,,,,,,
02/21/2020,SOFR,1.58,1.54,1.56,1.62,1.69,1099,,,,,,,,,,,
02/20/2020,SOFR,1.6,1.54,1.59,1.65,1.71,1112,,,,,,,,,,,
02/19/2020,SOFR,1.59,1.53,1.57,1.64,1.7,1128,,,,,,,,,,,
02/18/2020,SOFR,1.6,1.55,1.58,1.65,1.71,1163,,,,,,,,,,,
02/14/2020,SOFR,1.58,1.55,1.56,1.63,1.69,1086,,,,,,,,,,,
02/13/2020,SOFR,1.57,1.54,1.56,1.62,1.68,1114,,,,,,,,,,,
02/12/2020,SOFR,1.57,1.53,1.55,1.62,1.68,1124,,,,,,,,,,,
02/11/2020,SOFR,1.58,1.54,1.56,1.62,1.7,1114,,,,,,,,,,,
02/10/2020,SOFR,1.58,1.54,1.56,1.62,1.69,1111,,,,,,,,,,,
02/07/2020,SOFR,1.58,1.53,1.56,1.63,1.69,1111,,,,,,,,,,,
02/06/2020,SOFR,1.59,1.55,1.57,1.64,1.7,1105,,,,,,,,,,,
02/05/2020,SOFR,1.59,1.54,1.57,1.64,1.71,1168,,,,,,,,,,,
02/04/2020,SOFR,1.6,1.55,1.58,1.65,1.72,1161,,,,,,,,,,,
02/03/2020,SOFR,1.59,1.55,1.57,1.64,1.71,1134,,,,,,,,,,,
01/31/2020,SOFR,1.6,1.55,1.57,1.65,1.72,1149,,,,,,,,,,,
01/30/2020,SOFR,1.58,1.53,1.55,1.62,1.68,1072,,,,,,,,,,,
01/29/2020,SOFR,1.53,1.49,1.51,1.57,1.63,1082,,,,,,,,,,,
01/28/2020,SOFR,1.53,1.49,1.51,1.57,1.63,1074,,,,,,,,,,,
01/27/2020,SOFR,1.53,1.49,1.51,1.57,1.63,1051,,,,,,,,,,,
01/24/2020,SOFR,1.53,1.49,1.51,1.57,1.63,1070,,,,,,,,,,,
01/23/2020,SOFR,1.54,1.48,1.51,1.57,1.63,1051,,,,,,,,,,,
01/22/2020,SOFR,1.54,1.49,1.51,1.57,1.64,1085,,,,,,,,,,,
01/21/2020,SOFR,1.54,1.49,1.52,1.57,1.64,1067,,,,,,,,,,,
01/17/2020,SOFR,1.54,1.5,1.52,1.58,1.64,1043,,,,,,,,,,,
01/16/2020,SOFR,1.55,1.5,1.52,1.58,1.64,1069,,,,,,,,,,,
01/15/2020,SOFR,1.56,1.5,1.53,1.6,1.66,1022,,,,,,,,,,,
01/14/2020,SOFR,1.55,1.5,1.52,1.59,1.65,1009,,,,,,,,,,,
01/13/2020,SOFR,1.54,1.5,1.52,1.58,1.65,1021,,,,,,,,,,,
01/10/2020,SOFR,1.55,1.5,1.52,1.59,1.65,1013,,,,,,,,,,,
01/09/2020,SOFR,1.55,1.5,1.52,1.59,1.66,1011,,,,,,,,,,,
01/08/2020,SOFR,1.55,1.5,1.52,1.59,1.66,1007,,,,,,,,,,,
01/07/2020,SOFR,1.56,1.5,1.53,1.61,1.67,1028,,,,,,,,,,,
01/06/2020,SOFR,1.55,1.5,1.53,1.6,1.66,1034,,,,,,,,,,,
01/03/2020,SOFR,1.55,1.5,1.52,1.6,1.66,1030,,,,,,,,,,,
01/02/2020,SOFR,1.54,1.49,1.5,1.6,1.65,1123,,,,,,,,,,,
,,,,,,,,,,,,,,,,,,
